date,subdomain,qtype,count,ratio
2025-04-01,13,1,359,0.5464
2025-04-01,13,15,12,0.0183
2025-04-01,13,16,16,0.0244
2025-04-01,13,2,44,0.0670
2025-04-01,13,257,1,0.0015
2025-04-01,13,28,199,0.3029
2025-04-01,13,5,15,0.0228
2025-04-01,13,6,11,0.0167
2025-04-01,191,1,21,0.5526
2025-04-01,191,15,2,0.0526
2025-04-01,191,16,1,0.0263
2025-04-01,191,2,7,0.1842
2025-04-01,191,28,4,0.1053
2025-04-01,191,5,1,0.0263
2025-04-01,191,6,2,0.0526
2025-04-01,237,1,165,0.6089
2025-04-01,237,15,9,0.0332
2025-04-01,237,16,4,0.0148
2025-04-01,237,2,13,0.0480
2025-04-01,237,257,1,0.0037
2025-04-01,237,28,72,0.2657
2025-04-01,237,5,4,0.0148
2025-04-01,237,6,3,0.0111
2025-04-01,ac,1,3752,0.5989
2025-04-01,ac,15,7,0.0011
2025-04-01,ac,16,2,0.0003
2025-04-01,ac,2,4,0.0006
2025-04-01,ac,28,1364,0.2177
2025-04-01,ac,5,39,0.0062
2025-04-01,ac,6,3,0.0005
2025-04-01,ac,65,1094,0.1746
2025-04-01,account,1,13748,0.5007
2025-04-01,account,12,4,0.0001
2025-04-01,account,15,50,0.0018
2025-04-01,account,16,26,0.0009
2025-04-01,account,2,763,0.0278
2025-04-01,account,257,2,0.0001
2025-04-01,account,28,7142,0.2601
2025-04-01,account,33,2,0.0001
2025-04-01,account,43,43,0.0016
2025-04-01,account,48,5,0.0002
2025-04-01,account,5,36,0.0013
2025-04-01,account,6,27,0.0010
2025-04-01,account,65,5605,0.2041
2025-04-01,account,99,3,0.0001
2025-04-01,alumni,1,3492,0.1041
2025-04-01,alumni,15,24491,0.7298
2025-04-01,alumni,16,2545,0.0758
2025-04-01,alumni,2,1219,0.0363
2025-04-01,alumni,255,30,0.0009
2025-04-01,alumni,257,1,0.0000
2025-04-01,alumni,28,922,0.0275
2025-04-01,alumni,33,1,0.0000
2025-04-01,alumni,35,1,0.0000
2025-04-01,alumni,43,8,0.0002
2025-04-01,alumni,5,378,0.0113
2025-04-01,alumni,6,132,0.0039
2025-04-01,alumni,65,46,0.0014
2025-04-01,alumni,99,292,0.0087
2025-04-01,anzenkanri,1,1227,0.5081
2025-04-01,anzenkanri,12,3,0.0012
2025-04-01,anzenkanri,15,9,0.0037
2025-04-01,anzenkanri,16,14,0.0058
2025-04-01,anzenkanri,2,56,0.0232
2025-04-01,anzenkanri,257,3,0.0012
2025-04-01,anzenkanri,28,778,0.3222
2025-04-01,anzenkanri,33,3,0.0012
2025-04-01,anzenkanri,48,3,0.0012
2025-04-01,anzenkanri,5,8,0.0033
2025-04-01,anzenkanri,6,13,0.0054
2025-04-01,anzenkanri,65,298,0.1234
2025-04-01,ap-graduate,1,4783,0.6432
2025-04-01,ap-graduate,12,1,0.0001
2025-04-01,ap-graduate,15,20,0.0027
2025-04-01,ap-graduate,16,54,0.0073
2025-04-01,ap-graduate,2,308,0.0414
2025-04-01,ap-graduate,257,2,0.0003
2025-04-01,ap-graduate,28,1414,0.1902
2025-04-01,ap-graduate,48,2,0.0003
2025-04-01,ap-graduate,5,14,0.0019
2025-04-01,ap-graduate,6,49,0.0066
2025-04-01,ap-graduate,65,789,0.1061
2025-04-01,archives,1,618,0.5431
2025-04-01,archives,12,2,0.0018
2025-04-01,archives,15,4,0.0035
2025-04-01,archives,16,4,0.0035
2025-04-01,archives,2,12,0.0105
2025-04-01,archives,257,2,0.0018
2025-04-01,archives,28,397,0.3489
2025-04-01,archives,33,2,0.0018
2025-04-01,archives,35,1,0.0009
2025-04-01,archives,48,2,0.0018
2025-04-01,archives,5,3,0.0026
2025-04-01,archives,6,10,0.0088
2025-04-01,archives,65,81,0.0712
2025-04-01,are,1,258,0.5772
2025-04-01,are,15,2,0.0045
2025-04-01,are,16,1,0.0022
2025-04-01,are,2,45,0.1007
2025-04-01,are,28,94,0.2103
2025-04-01,are,5,2,0.0045
2025-04-01,are,6,10,0.0224
2025-04-01,are,65,34,0.0761
2025-04-01,are,99,1,0.0022
2025-04-01,arena,1,127,0.4262
2025-04-01,arena,15,17,0.0570
2025-04-01,arena,16,22,0.0738
2025-04-01,arena,2,31,0.1040
2025-04-01,arena,28,73,0.2450
2025-04-01,arena,43,1,0.0034
2025-04-01,arena,5,15,0.0503
2025-04-01,arena,6,10,0.0336
2025-04-01,arena,65,2,0.0067
2025-04-01,art,1,762,0.6145
2025-04-01,art,12,2,0.0016
2025-04-01,art,15,5,0.0040
2025-04-01,art,16,4,0.0032
2025-04-01,art,2,32,0.0258
2025-04-01,art,257,2,0.0016
2025-04-01,art,28,359,0.2895
2025-04-01,art,33,2,0.0016
2025-04-01,art,48,2,0.0016
2025-04-01,art,5,5,0.0040
2025-04-01,art,6,14,0.0113
2025-04-01,art,65,50,0.0403
2025-04-01,art,99,1,0.0008
2025-04-01,atmnb,1,932,0.5124
2025-04-01,atmnb,15,4,0.0022
2025-04-01,atmnb,16,2,0.0011
2025-04-01,atmnb,2,2,0.0011
2025-04-01,atmnb,28,848,0.4662
2025-04-01,atmnb,5,1,0.0005
2025-04-01,atmnb,65,30,0.0165
2025-04-01,biol,0,2,0.0000
2025-04-01,biol,1,20713,0.4947
2025-04-01,biol,12,1,0.0000
2025-04-01,biol,13,1,0.0000
2025-04-01,biol,15,2591,0.0619
2025-04-01,biol,16,531,0.0127
2025-04-01,biol,2,1425,0.0340
2025-04-01,biol,255,2,0.0000
2025-04-01,biol,257,1,0.0000
2025-04-01,biol,28,14805,0.3536
2025-04-01,biol,33,9,0.0002
2025-04-01,biol,43,38,0.0009
2025-04-01,biol,48,1,0.0000
2025-04-01,biol,5,87,0.0021
2025-04-01,biol,6,425,0.0101
2025-04-01,biol,65,1235,0.0295
2025-04-01,biol,99,6,0.0001
2025-04-01,bk,0,2,0.0001
2025-04-01,bk,1,15871,0.4820
2025-04-01,bk,12,5,0.0002
2025-04-01,bk,15,3185,0.0967
2025-04-01,bk,16,333,0.0101
2025-04-01,bk,2,908,0.0276
2025-04-01,bk,255,6,0.0002
2025-04-01,bk,257,2,0.0001
2025-04-01,bk,28,10217,0.3103
2025-04-01,bk,33,3,0.0001
2025-04-01,bk,43,213,0.0065
2025-04-01,bk,48,832,0.0253
2025-04-01,bk,5,77,0.0023
2025-04-01,bk,6,48,0.0015
2025-04-01,bk,65,1207,0.0367
2025-04-01,bk,99,18,0.0005
2025-04-01,bpgi,1,1764,0.6495
2025-04-01,bpgi,15,2,0.0007
2025-04-01,bpgi,16,1,0.0004
2025-04-01,bpgi,2,58,0.0214
2025-04-01,bpgi,28,687,0.2529
2025-04-01,bpgi,43,10,0.0037
2025-04-01,bpgi,5,1,0.0004
2025-04-01,bpgi,6,9,0.0033
2025-04-01,bpgi,65,184,0.0677
2025-04-01,bres,1,3913,0.5087
2025-04-01,bres,15,2108,0.2741
2025-04-01,bres,16,10,0.0013
2025-04-01,bres,2,202,0.0263
2025-04-01,bres,28,1103,0.1434
2025-04-01,bres,43,2,0.0003
2025-04-01,bres,5,11,0.0014
2025-04-01,bres,6,15,0.0020
2025-04-01,bres,65,325,0.0423
2025-04-01,bres,99,3,0.0004
2025-04-01,butsuri,1,519,0.5754
2025-04-01,butsuri,12,2,0.0022
2025-04-01,butsuri,15,15,0.0166
2025-04-01,butsuri,16,2,0.0022
2025-04-01,butsuri,2,34,0.0377
2025-04-01,butsuri,257,2,0.0022
2025-04-01,butsuri,28,193,0.2140
2025-04-01,butsuri,33,2,0.0022
2025-04-01,butsuri,48,2,0.0022
2025-04-01,butsuri,5,2,0.0022
2025-04-01,butsuri,6,11,0.0122
2025-04-01,butsuri,65,118,0.1308
2025-04-01,cc,1,944012,0.5995
2025-04-01,cc,12,17,0.0000
2025-04-01,cc,13,6,0.0000
2025-04-01,cc,15,10881,0.0069
2025-04-01,cc,16,12136,0.0077
2025-04-01,cc,2,47455,0.0301
2025-04-01,cc,251,10,0.0000
2025-04-01,cc,255,693,0.0004
2025-04-01,cc,257,13858,0.0088
2025-04-01,cc,28,535993,0.3404
2025-04-01,cc,33,29,0.0000
2025-04-01,cc,38,37,0.0000
2025-04-01,cc,39,2,0.0000
2025-04-01,cc,43,1548,0.0010
2025-04-01,cc,46,1,0.0000
2025-04-01,cc,47,1,0.0000
2025-04-01,cc,48,859,0.0005
2025-04-01,cc,5,1413,0.0009
2025-04-01,cc,6,2267,0.0014
2025-04-01,cc,65,3337,0.0021
2025-04-01,cc,99,124,0.0001
2025-04-01,ccr,1,685,0.4794
2025-04-01,ccr,12,2,0.0014
2025-04-01,ccr,15,229,0.1603
2025-04-01,ccr,16,47,0.0329
2025-04-01,ccr,2,50,0.0350
2025-04-01,ccr,257,1,0.0007
2025-04-01,ccr,28,371,0.2596
2025-04-01,ccr,33,2,0.0014
2025-04-01,ccr,43,1,0.0007
2025-04-01,ccr,48,2,0.0014
2025-04-01,ccr,5,10,0.0070
2025-04-01,ccr,6,5,0.0035
2025-04-01,ccr,65,23,0.0161
2025-04-01,ccr,99,1,0.0007
2025-04-01,ccs,1,34429,0.6160
2025-04-01,ccs,15,2969,0.0531
2025-04-01,ccs,16,448,0.0080
2025-04-01,ccs,2,1606,0.0287
2025-04-01,ccs,255,4,0.0001
2025-04-01,ccs,28,15475,0.2769
2025-04-01,ccs,35,1,0.0000
2025-04-01,ccs,43,34,0.0006
2025-04-01,ccs,48,6,0.0001
2025-04-01,ccs,5,139,0.0025
2025-04-01,ccs,6,133,0.0024
2025-04-01,ccs,65,619,0.0111
2025-04-01,ccs,99,28,0.0005
2025-04-01,cegloc,1,21024,0.6063
2025-04-01,cegloc,15,79,0.0023
2025-04-01,cegloc,16,33,0.0010
2025-04-01,cegloc,2,603,0.0174
2025-04-01,cegloc,255,1,0.0000
2025-04-01,cegloc,28,10673,0.3078
2025-04-01,cegloc,43,34,0.0010
2025-04-01,cegloc,5,40,0.0012
2025-04-01,cegloc,6,28,0.0008
2025-04-01,cegloc,65,2159,0.0623
2025-04-01,cegloc,99,2,0.0001
2025-04-01,centers,1,606,0.5935
2025-04-01,centers,15,1,0.0010
2025-04-01,centers,16,1,0.0010
2025-04-01,centers,2,119,0.1166
2025-04-01,centers,28,255,0.2498
2025-04-01,centers,5,1,0.0010
2025-04-01,centers,6,10,0.0098
2025-04-01,centers,65,28,0.0274
2025-04-01,chem,0,1,0.0001
2025-04-01,chem,1,9258,0.4713
2025-04-01,chem,15,2719,0.1384
2025-04-01,chem,16,400,0.0204
2025-04-01,chem,2,354,0.0180
2025-04-01,chem,255,3,0.0002
2025-04-01,chem,28,6026,0.3067
2025-04-01,chem,43,51,0.0026
2025-04-01,chem,5,21,0.0011
2025-04-01,chem,6,9,0.0005
2025-04-01,chem,65,797,0.0406
2025-04-01,chem,99,6,0.0003
2025-04-01,chemistry,1,768,0.6086
2025-04-01,chemistry,12,2,0.0016
2025-04-01,chemistry,15,5,0.0040
2025-04-01,chemistry,16,3,0.0024
2025-04-01,chemistry,2,21,0.0166
2025-04-01,chemistry,257,1,0.0008
2025-04-01,chemistry,28,317,0.2512
2025-04-01,chemistry,33,2,0.0016
2025-04-01,chemistry,48,1,0.0008
2025-04-01,chemistry,5,2,0.0016
2025-04-01,chemistry,6,11,0.0087
2025-04-01,chemistry,65,129,0.1022
2025-04-01,chiiki,1,225,0.6429
2025-04-01,chiiki,15,43,0.1229
2025-04-01,chiiki,16,1,0.0029
2025-04-01,chiiki,2,23,0.0657
2025-04-01,chiiki,28,46,0.1314
2025-04-01,chiiki,43,1,0.0029
2025-04-01,chiiki,5,1,0.0029
2025-04-01,chiiki,6,10,0.0286
2025-04-01,chs,1,2084,0.6480
2025-04-01,chs,12,3,0.0009
2025-04-01,chs,15,8,0.0025
2025-04-01,chs,16,4,0.0012
2025-04-01,chs,2,47,0.0146
2025-04-01,chs,257,3,0.0009
2025-04-01,chs,28,868,0.2699
2025-04-01,chs,33,3,0.0009
2025-04-01,chs,43,1,0.0003
2025-04-01,chs,48,3,0.0009
2025-04-01,chs,5,7,0.0022
2025-04-01,chs,6,14,0.0044
2025-04-01,chs,65,170,0.0529
2025-04-01,chs,99,1,0.0003
2025-04-01,cj,1,7370,0.7708
2025-04-01,cj,15,5,0.0005
2025-04-01,cj,2,15,0.0016
2025-04-01,cj,28,2129,0.2227
2025-04-01,cj,43,2,0.0002
2025-04-01,cj,5,1,0.0001
2025-04-01,cj,6,9,0.0009
2025-04-01,cj,65,30,0.0031
2025-04-01,coi-sec,1,1379,0.6217
2025-04-01,coi-sec,12,3,0.0014
2025-04-01,coi-sec,15,9,0.0041
2025-04-01,coi-sec,16,6,0.0027
2025-04-01,coi-sec,2,56,0.0252
2025-04-01,coi-sec,257,3,0.0014
2025-04-01,coi-sec,28,559,0.2520
2025-04-01,coi-sec,33,3,0.0014
2025-04-01,coi-sec,48,3,0.0014
2025-04-01,coi-sec,5,8,0.0036
2025-04-01,coi-sec,6,12,0.0054
2025-04-01,coi-sec,65,177,0.0798
2025-04-01,coins,1,29464,0.5450
2025-04-01,coins,12,4,0.0001
2025-04-01,coins,15,2788,0.0516
2025-04-01,coins,16,121,0.0022
2025-04-01,coins,2,1418,0.0262
2025-04-01,coins,255,5,0.0001
2025-04-01,coins,257,3,0.0001
2025-04-01,coins,28,17813,0.3295
2025-04-01,coins,33,2,0.0000
2025-04-01,coins,43,354,0.0065
2025-04-01,coins,48,1000,0.0185
2025-04-01,coins,5,87,0.0016
2025-04-01,coins,6,38,0.0007
2025-04-01,coins,65,963,0.0178
2025-04-01,conservation,1,820,0.7118
2025-04-01,conservation,15,3,0.0026
2025-04-01,conservation,16,6,0.0052
2025-04-01,conservation,2,51,0.0443
2025-04-01,conservation,28,236,0.2049
2025-04-01,conservation,5,4,0.0035
2025-04-01,conservation,6,11,0.0095
2025-04-01,conservation,65,21,0.0182
2025-04-01,corpus,1,25,0.0874
2025-04-01,corpus,15,2,0.0070
2025-04-01,corpus,16,1,0.0035
2025-04-01,corpus,2,2,0.0070
2025-04-01,corpus,252,52,0.1818
2025-04-01,corpus,28,13,0.0455
2025-04-01,corpus,5,2,0.0070
2025-04-01,corpus,6,188,0.6573
2025-04-01,corpus,65,1,0.0035
2025-04-01,criced,1,12725,0.6245
2025-04-01,criced,12,2,0.0001
2025-04-01,criced,15,579,0.0284
2025-04-01,criced,16,87,0.0043
2025-04-01,criced,2,272,0.0133
2025-04-01,criced,257,2,0.0001
2025-04-01,criced,28,5647,0.2771
2025-04-01,criced,33,2,0.0001
2025-04-01,criced,43,14,0.0007
2025-04-01,criced,48,2,0.0001
2025-04-01,criced,5,33,0.0016
2025-04-01,criced,6,15,0.0007
2025-04-01,criced,65,994,0.0488
2025-04-01,criced,99,3,0.0001
2025-04-01,cryo,1,229,0.7025
2025-04-01,cryo,15,3,0.0092
2025-04-01,cryo,16,2,0.0061
2025-04-01,cryo,2,25,0.0767
2025-04-01,cryo,28,44,0.1350
2025-04-01,cryo,43,2,0.0061
2025-04-01,cryo,5,2,0.0061
2025-04-01,cryo,6,14,0.0429
2025-04-01,cryo,65,5,0.0153
2025-04-01,cs,0,1,0.0000
2025-04-01,cs,1,102426,0.4880
2025-04-01,cs,12,8,0.0000
2025-04-01,cs,13,3,0.0000
2025-04-01,cs,15,16238,0.0774
2025-04-01,cs,16,5435,0.0259
2025-04-01,cs,2,13977,0.0666
2025-04-01,cs,255,5,0.0000
2025-04-01,cs,257,19,0.0001
2025-04-01,cs,28,60729,0.2893
2025-04-01,cs,33,8,0.0000
2025-04-01,cs,35,2,0.0000
2025-04-01,cs,43,4310,0.0205
2025-04-01,cs,48,3484,0.0166
2025-04-01,cs,5,388,0.0018
2025-04-01,cs,6,307,0.0015
2025-04-01,cs,65,2438,0.0116
2025-04-01,cs,99,125,0.0006
2025-04-01,cybernics,1,60,0.1993
2025-04-01,cybernics,15,113,0.3754
2025-04-01,cybernics,16,14,0.0465
2025-04-01,cybernics,2,5,0.0166
2025-04-01,cybernics,28,91,0.3023
2025-04-01,cybernics,43,6,0.0199
2025-04-01,cybernics,5,12,0.0399
2025-04-01,dac,1,4359,0.5482
2025-04-01,dac,12,2,0.0003
2025-04-01,dac,15,4,0.0005
2025-04-01,dac,16,9,0.0011
2025-04-01,dac,2,35,0.0044
2025-04-01,dac,255,1,0.0001
2025-04-01,dac,257,2,0.0003
2025-04-01,dac,28,3217,0.4046
2025-04-01,dac,33,2,0.0003
2025-04-01,dac,43,2,0.0003
2025-04-01,dac,48,2,0.0003
2025-04-01,dac,5,6,0.0008
2025-04-01,dac,6,10,0.0013
2025-04-01,dac,65,299,0.0376
2025-04-01,dac,99,1,0.0001
2025-04-01,deaf-s,1,6188,0.4859
2025-04-01,deaf-s,12,1,0.0001
2025-04-01,deaf-s,15,1945,0.1527
2025-04-01,deaf-s,16,80,0.0063
2025-04-01,deaf-s,2,119,0.0093
2025-04-01,deaf-s,28,4174,0.3277
2025-04-01,deaf-s,43,4,0.0003
2025-04-01,deaf-s,5,13,0.0010
2025-04-01,deaf-s,6,20,0.0016
2025-04-01,deaf-s,65,181,0.0142
2025-04-01,deaf-s,99,11,0.0009
2025-04-01,diversity,1,1388,0.5552
2025-04-01,diversity,12,2,0.0008
2025-04-01,diversity,15,6,0.0024
2025-04-01,diversity,16,10,0.0040
2025-04-01,diversity,2,11,0.0044
2025-04-01,diversity,257,2,0.0008
2025-04-01,diversity,28,968,0.3872
2025-04-01,diversity,33,2,0.0008
2025-04-01,diversity,43,3,0.0012
2025-04-01,diversity,48,2,0.0008
2025-04-01,diversity,5,9,0.0036
2025-04-01,diversity,6,11,0.0044
2025-04-01,diversity,65,86,0.0344
2025-04-01,dpipe,1,4500,0.4379
2025-04-01,dpipe,12,1,0.0001
2025-04-01,dpipe,15,1579,0.1537
2025-04-01,dpipe,16,214,0.0208
2025-04-01,dpipe,2,552,0.0537
2025-04-01,dpipe,255,1,0.0001
2025-04-01,dpipe,257,1,0.0001
2025-04-01,dpipe,28,3036,0.2954
2025-04-01,dpipe,33,1,0.0001
2025-04-01,dpipe,43,14,0.0014
2025-04-01,dpipe,48,1,0.0001
2025-04-01,dpipe,5,199,0.0194
2025-04-01,dpipe,6,97,0.0094
2025-04-01,dpipe,65,43,0.0042
2025-04-01,dpipe,99,37,0.0036
2025-04-01,e-nihongo,1,85,0.2141
2025-04-01,e-nihongo,15,2,0.0050
2025-04-01,e-nihongo,2,2,0.0050
2025-04-01,e-nihongo,252,50,0.1259
2025-04-01,e-nihongo,28,53,0.1335
2025-04-01,e-nihongo,35,1,0.0025
2025-04-01,e-nihongo,5,2,0.0050
2025-04-01,e-nihongo,6,181,0.4559
2025-04-01,e-nihongo,65,21,0.0529
2025-04-01,earth,1,593,0.5455
2025-04-01,earth,15,7,0.0064
2025-04-01,earth,16,2,0.0018
2025-04-01,earth,2,27,0.0248
2025-04-01,earth,28,315,0.2898
2025-04-01,earth,5,3,0.0028
2025-04-01,earth,6,13,0.0120
2025-04-01,earth,65,127,0.1168
2025-04-01,ecloud,1,5652,0.5055
2025-04-01,ecloud,12,2,0.0002
2025-04-01,ecloud,13,1,0.0001
2025-04-01,ecloud,15,542,0.0485
2025-04-01,ecloud,16,218,0.0195
2025-04-01,ecloud,2,283,0.0253
2025-04-01,ecloud,257,2,0.0002
2025-04-01,ecloud,28,3127,0.2797
2025-04-01,ecloud,33,2,0.0002
2025-04-01,ecloud,43,45,0.0040
2025-04-01,ecloud,48,2,0.0002
2025-04-01,ecloud,5,34,0.0030
2025-04-01,ecloud,6,42,0.0038
2025-04-01,ecloud,65,1227,0.1097
2025-04-01,ecloud,99,1,0.0001
2025-04-01,edu,1,4087,0.6849
2025-04-01,edu,12,3,0.0005
2025-04-01,edu,15,12,0.0020
2025-04-01,edu,16,10,0.0017
2025-04-01,edu,2,378,0.0633
2025-04-01,edu,255,1,0.0002
2025-04-01,edu,257,3,0.0005
2025-04-01,edu,28,1307,0.2190
2025-04-01,edu,33,4,0.0007
2025-04-01,edu,43,7,0.0012
2025-04-01,edu,48,3,0.0005
2025-04-01,edu,5,6,0.0010
2025-04-01,edu,6,15,0.0025
2025-04-01,edu,65,131,0.0220
2025-04-01,education,1,2952,0.5972
2025-04-01,education,12,2,0.0004
2025-04-01,education,15,17,0.0034
2025-04-01,education,16,10,0.0020
2025-04-01,education,2,197,0.0399
2025-04-01,education,28,1312,0.2654
2025-04-01,education,5,7,0.0014
2025-04-01,education,6,8,0.0016
2025-04-01,education,65,436,0.0882
2025-04-01,education,99,2,0.0004
2025-04-01,elementary-s,1,2757,0.4507
2025-04-01,elementary-s,12,2,0.0003
2025-04-01,elementary-s,15,539,0.0881
2025-04-01,elementary-s,16,86,0.0141
2025-04-01,elementary-s,2,127,0.0208
2025-04-01,elementary-s,255,1,0.0002
2025-04-01,elementary-s,28,1835,0.3000
2025-04-01,elementary-s,33,3,0.0005
2025-04-01,elementary-s,43,1,0.0002
2025-04-01,elementary-s,5,13,0.0021
2025-04-01,elementary-s,6,6,0.0010
2025-04-01,elementary-s,65,712,0.1164
2025-04-01,elementary-s,99,35,0.0057
2025-04-01,emc,1,213,0.3974
2025-04-01,emc,15,132,0.2463
2025-04-01,emc,16,16,0.0299
2025-04-01,emc,2,20,0.0373
2025-04-01,emc,28,143,0.2668
2025-04-01,emc,5,6,0.0112
2025-04-01,emc,6,2,0.0037
2025-04-01,emc,99,4,0.0075
2025-04-01,eme,1,561,0.5974
2025-04-01,eme,15,1,0.0011
2025-04-01,eme,2,16,0.0170
2025-04-01,eme,255,1,0.0011
2025-04-01,eme,28,280,0.2982
2025-04-01,eme,33,1,0.0011
2025-04-01,eme,5,1,0.0011
2025-04-01,eme,6,1,0.0011
2025-04-01,eme,65,77,0.0820
2025-04-01,emp,1,1850,0.5657
2025-04-01,emp,15,234,0.0716
2025-04-01,emp,16,76,0.0232
2025-04-01,emp,2,144,0.0440
2025-04-01,emp,255,10,0.0031
2025-04-01,emp,257,17,0.0052
2025-04-01,emp,28,817,0.2498
2025-04-01,emp,39,1,0.0003
2025-04-01,emp,43,1,0.0003
2025-04-01,emp,5,48,0.0147
2025-04-01,emp,6,14,0.0043
2025-04-01,emp,65,56,0.0171
2025-04-01,emp,99,2,0.0006
2025-04-01,engsci,1,109,0.6412
2025-04-01,engsci,12,1,0.0059
2025-04-01,engsci,15,2,0.0118
2025-04-01,engsci,16,1,0.0059
2025-04-01,engsci,2,5,0.0294
2025-04-01,engsci,257,1,0.0059
2025-04-01,engsci,28,42,0.2471
2025-04-01,engsci,33,1,0.0059
2025-04-01,engsci,48,1,0.0059
2025-04-01,engsci,5,1,0.0059
2025-04-01,engsci,6,1,0.0059
2025-04-01,engsci,65,5,0.0294
2025-04-01,entrance-exam,1,1,0.0769
2025-04-01,entrance-exam,2,2,0.1538
2025-04-01,entrance-exam,28,1,0.0769
2025-04-01,entrance-exam,6,9,0.6923
2025-04-01,envr,1,70996,0.7173
2025-04-01,envr,12,2,0.0000
2025-04-01,envr,15,1959,0.0198
2025-04-01,envr,16,73,0.0007
2025-04-01,envr,2,915,0.0092
2025-04-01,envr,257,2,0.0000
2025-04-01,envr,28,24309,0.2456
2025-04-01,envr,33,2,0.0000
2025-04-01,envr,43,11,0.0001
2025-04-01,envr,48,3,0.0000
2025-04-01,envr,5,14,0.0001
2025-04-01,envr,6,25,0.0003
2025-04-01,envr,65,665,0.0067
2025-04-01,esys,1,17593,0.5290
2025-04-01,esys,12,1,0.0000
2025-04-01,esys,15,2534,0.0762
2025-04-01,esys,16,191,0.0057
2025-04-01,esys,2,1196,0.0360
2025-04-01,esys,257,24,0.0007
2025-04-01,esys,28,11065,0.3327
2025-04-01,esys,33,3,0.0001
2025-04-01,esys,39,3,0.0001
2025-04-01,esys,43,131,0.0039
2025-04-01,esys,48,95,0.0029
2025-04-01,esys,5,79,0.0024
2025-04-01,esys,6,36,0.0011
2025-04-01,esys,65,283,0.0085
2025-04-01,esys,99,25,0.0008
2025-04-01,f-mirai,1,731,0.5546
2025-04-01,f-mirai,15,63,0.0478
2025-04-01,f-mirai,16,17,0.0129
2025-04-01,f-mirai,2,24,0.0182
2025-04-01,f-mirai,28,452,0.3429
2025-04-01,f-mirai,5,10,0.0076
2025-04-01,f-mirai,6,8,0.0061
2025-04-01,f-mirai,65,13,0.0099
2025-04-01,fair,1,1590,0.5330
2025-04-01,fair,12,2,0.0007
2025-04-01,fair,15,12,0.0040
2025-04-01,fair,16,8,0.0027
2025-04-01,fair,2,104,0.0349
2025-04-01,fair,257,2,0.0007
2025-04-01,fair,28,512,0.1716
2025-04-01,fair,33,2,0.0007
2025-04-01,fair,48,2,0.0007
2025-04-01,fair,5,9,0.0030
2025-04-01,fair,6,17,0.0057
2025-04-01,fair,65,723,0.2424
2025-04-01,fair-meta,1,9,0.2308
2025-04-01,fair-meta,15,3,0.0769
2025-04-01,fair-meta,16,2,0.0513
2025-04-01,fair-meta,2,6,0.1538
2025-04-01,fair-meta,28,4,0.1026
2025-04-01,fair-meta,5,4,0.1026
2025-04-01,fair-meta,6,11,0.2821
2025-04-01,flang,1,87,0.5506
2025-04-01,flang,15,3,0.0190
2025-04-01,flang,16,3,0.0190
2025-04-01,flang,2,12,0.0759
2025-04-01,flang,28,32,0.2025
2025-04-01,flang,5,7,0.0443
2025-04-01,flang,6,11,0.0696
2025-04-01,flang,65,3,0.0190
2025-04-01,geijutsu,1,11535,0.5058
2025-04-01,geijutsu,13,2,0.0001
2025-04-01,geijutsu,15,1867,0.0819
2025-04-01,geijutsu,16,239,0.0105
2025-04-01,geijutsu,2,208,0.0091
2025-04-01,geijutsu,255,7,0.0003
2025-04-01,geijutsu,28,7988,0.3502
2025-04-01,geijutsu,43,9,0.0004
2025-04-01,geijutsu,5,22,0.0010
2025-04-01,geijutsu,6,12,0.0005
2025-04-01,geijutsu,65,902,0.0395
2025-04-01,geijutsu,99,16,0.0007
2025-04-01,gene,1,1044,0.3639
2025-04-01,gene,12,1,0.0003
2025-04-01,gene,15,1000,0.3486
2025-04-01,gene,16,56,0.0195
2025-04-01,gene,2,89,0.0310
2025-04-01,gene,28,610,0.2126
2025-04-01,gene,33,1,0.0003
2025-04-01,gene,35,1,0.0003
2025-04-01,gene,43,10,0.0035
2025-04-01,gene,48,1,0.0003
2025-04-01,gene,5,33,0.0115
2025-04-01,gene,6,12,0.0042
2025-04-01,gene,65,11,0.0038
2025-04-01,geo,1,2571,0.6701
2025-04-01,geo,12,1,0.0003
2025-04-01,geo,15,96,0.0250
2025-04-01,geo,16,14,0.0036
2025-04-01,geo,2,348,0.0907
2025-04-01,geo,255,1,0.0003
2025-04-01,geo,257,1,0.0003
2025-04-01,geo,28,659,0.1717
2025-04-01,geo,33,1,0.0003
2025-04-01,geo,48,1,0.0003
2025-04-01,geo,5,22,0.0057
2025-04-01,geo,6,26,0.0068
2025-04-01,geo,65,96,0.0250
2025-04-01,geoenv,1,6965,0.4252
2025-04-01,geoenv,13,1,0.0001
2025-04-01,geoenv,15,4484,0.2737
2025-04-01,geoenv,16,850,0.0519
2025-04-01,geoenv,2,434,0.0265
2025-04-01,geoenv,257,1,0.0001
2025-04-01,geoenv,28,2668,0.1629
2025-04-01,geoenv,33,1,0.0001
2025-04-01,geoenv,43,14,0.0009
2025-04-01,geoenv,5,11,0.0007
2025-04-01,geoenv,6,13,0.0008
2025-04-01,geoenv,65,788,0.0481
2025-04-01,geoenv,99,151,0.0092
2025-04-01,geol,1,4347,0.3991
2025-04-01,geol,13,2,0.0002
2025-04-01,geol,15,4040,0.3709
2025-04-01,geol,16,152,0.0140
2025-04-01,geol,2,328,0.0301
2025-04-01,geol,28,1503,0.1380
2025-04-01,geol,43,13,0.0012
2025-04-01,geol,5,11,0.0010
2025-04-01,geol,6,15,0.0014
2025-04-01,geol,65,478,0.0439
2025-04-01,geol,99,2,0.0002
2025-04-01,geosci,1,317,0.5817
2025-04-01,geosci,12,1,0.0018
2025-04-01,geosci,15,9,0.0165
2025-04-01,geosci,16,9,0.0165
2025-04-01,geosci,2,15,0.0275
2025-04-01,geosci,257,1,0.0018
2025-04-01,geosci,28,130,0.2385
2025-04-01,geosci,33,1,0.0018
2025-04-01,geosci,43,2,0.0037
2025-04-01,geosci,48,1,0.0018
2025-04-01,geosci,5,9,0.0165
2025-04-01,geosci,6,16,0.0294
2025-04-01,geosci,65,29,0.0532
2025-04-01,geosci,99,5,0.0092
2025-04-01,gfest,1,1262,0.6822
2025-04-01,gfest,12,2,0.0011
2025-04-01,gfest,15,35,0.0189
2025-04-01,gfest,16,5,0.0027
2025-04-01,gfest,2,32,0.0173
2025-04-01,gfest,257,2,0.0011
2025-04-01,gfest,28,460,0.2486
2025-04-01,gfest,33,2,0.0011
2025-04-01,gfest,48,2,0.0011
2025-04-01,gfest,5,7,0.0038
2025-04-01,gfest,6,11,0.0059
2025-04-01,gfest,65,29,0.0157
2025-04-01,gfest,99,1,0.0005
2025-04-01,gip,1,677,0.6611
2025-04-01,gip,15,4,0.0039
2025-04-01,gip,16,2,0.0020
2025-04-01,gip,2,32,0.0312
2025-04-01,gip,28,227,0.2217
2025-04-01,gip,5,5,0.0049
2025-04-01,gip,6,11,0.0107
2025-04-01,gip,65,66,0.0645
2025-04-01,glc-net,1,93,0.4266
2025-04-01,glc-net,15,2,0.0092
2025-04-01,glc-net,2,2,0.0092
2025-04-01,glc-net,28,111,0.5092
2025-04-01,glc-net,5,2,0.0092
2025-04-01,glc-net,6,8,0.0367
2025-04-01,global,1,3404,0.6409
2025-04-01,global,12,1,0.0002
2025-04-01,global,15,9,0.0017
2025-04-01,global,16,6,0.0011
2025-04-01,global,2,231,0.0435
2025-04-01,global,257,3,0.0006
2025-04-01,global,28,1248,0.2350
2025-04-01,global,33,1,0.0002
2025-04-01,global,43,2,0.0004
2025-04-01,global,48,1,0.0002
2025-04-01,global,5,10,0.0019
2025-04-01,global,6,12,0.0023
2025-04-01,global,65,383,0.0721
2025-04-01,gsbs,1,3483,0.5886
2025-04-01,gsbs,12,3,0.0005
2025-04-01,gsbs,15,694,0.1173
2025-04-01,gsbs,16,90,0.0152
2025-04-01,gsbs,2,232,0.0392
2025-04-01,gsbs,257,2,0.0003
2025-04-01,gsbs,28,1127,0.1905
2025-04-01,gsbs,33,3,0.0005
2025-04-01,gsbs,43,2,0.0003
2025-04-01,gsbs,48,1,0.0002
2025-04-01,gsbs,5,12,0.0020
2025-04-01,gsbs,6,8,0.0014
2025-04-01,gsbs,65,259,0.0438
2025-04-01,gsbs,99,1,0.0002
2025-04-01,hass,1,7995,0.6020
2025-04-01,hass,12,3,0.0002
2025-04-01,hass,15,381,0.0287
2025-04-01,hass,16,70,0.0053
2025-04-01,hass,2,630,0.0474
2025-04-01,hass,255,11,0.0008
2025-04-01,hass,257,76,0.0057
2025-04-01,hass,28,3523,0.2653
2025-04-01,hass,33,1,0.0001
2025-04-01,hass,35,2,0.0002
2025-04-01,hass,39,6,0.0005
2025-04-01,hass,43,23,0.0017
2025-04-01,hass,48,1,0.0001
2025-04-01,hass,5,138,0.0104
2025-04-01,hass,6,68,0.0051
2025-04-01,hass,65,323,0.0243
2025-04-01,hass,99,29,0.0022
2025-04-01,hbp,1,910,0.5785
2025-04-01,hbp,15,3,0.0019
2025-04-01,hbp,16,5,0.0032
2025-04-01,hbp,2,38,0.0242
2025-04-01,hbp,28,537,0.3414
2025-04-01,hbp,5,4,0.0025
2025-04-01,hbp,6,12,0.0076
2025-04-01,hbp,65,64,0.0407
2025-04-01,hcph,1,414,0.5294
2025-04-01,hcph,15,6,0.0077
2025-04-01,hcph,16,5,0.0064
2025-04-01,hcph,2,8,0.0102
2025-04-01,hcph,257,1,0.0013
2025-04-01,hcph,28,305,0.3900
2025-04-01,hcph,5,5,0.0064
2025-04-01,hcph,6,2,0.0026
2025-04-01,hcph,65,36,0.0460
2025-04-01,hcs,1,1138,0.5247
2025-04-01,hcs,12,1,0.0005
2025-04-01,hcs,15,91,0.0420
2025-04-01,hcs,16,19,0.0088
2025-04-01,hcs,2,31,0.0143
2025-04-01,hcs,257,2,0.0009
2025-04-01,hcs,28,709,0.3269
2025-04-01,hcs,33,2,0.0009
2025-04-01,hcs,5,5,0.0023
2025-04-01,hcs,6,8,0.0037
2025-04-01,hcs,65,163,0.0751
2025-04-01,heritage,1,2961,0.3708
2025-04-01,heritage,15,2503,0.3134
2025-04-01,heritage,16,361,0.0452
2025-04-01,heritage,2,306,0.0383
2025-04-01,heritage,255,3,0.0004
2025-04-01,heritage,28,1339,0.1677
2025-04-01,heritage,43,11,0.0014
2025-04-01,heritage,5,73,0.0091
2025-04-01,heritage,6,19,0.0024
2025-04-01,heritage,65,352,0.0441
2025-04-01,heritage,99,58,0.0073
2025-04-01,hibun,1,1826,0.6791
2025-04-01,hibun,15,2,0.0007
2025-04-01,hibun,2,35,0.0130
2025-04-01,hibun,28,539,0.2004
2025-04-01,hibun,5,1,0.0004
2025-04-01,hibun,6,9,0.0033
2025-04-01,hibun,65,277,0.1030
2025-04-01,high-s,0,1,0.0001
2025-04-01,high-s,1,8826,0.4769
2025-04-01,high-s,12,2,0.0001
2025-04-01,high-s,15,2050,0.1108
2025-04-01,high-s,16,99,0.0053
2025-04-01,high-s,2,140,0.0076
2025-04-01,high-s,257,2,0.0001
2025-04-01,high-s,28,6048,0.3268
2025-04-01,high-s,33,1,0.0001
2025-04-01,high-s,43,9,0.0005
2025-04-01,high-s,5,20,0.0011
2025-04-01,high-s,6,16,0.0009
2025-04-01,high-s,65,1279,0.0691
2025-04-01,high-s,99,15,0.0008
2025-04-01,histanth,1,1411,0.5685
2025-04-01,histanth,12,1,0.0004
2025-04-01,histanth,15,257,0.1035
2025-04-01,histanth,16,8,0.0032
2025-04-01,histanth,2,71,0.0286
2025-04-01,histanth,255,1,0.0004
2025-04-01,histanth,257,1,0.0004
2025-04-01,histanth,28,594,0.2393
2025-04-01,histanth,33,1,0.0004
2025-04-01,histanth,48,1,0.0004
2025-04-01,histanth,5,8,0.0032
2025-04-01,histanth,6,15,0.0060
2025-04-01,histanth,65,112,0.0451
2025-04-01,histanth,99,1,0.0004
2025-04-01,hokekan,1,2059,0.5181
2025-04-01,hokekan,15,13,0.0033
2025-04-01,hokekan,16,6,0.0015
2025-04-01,hokekan,2,42,0.0106
2025-04-01,hokekan,28,1157,0.2911
2025-04-01,hokekan,5,3,0.0008
2025-04-01,hokekan,6,10,0.0025
2025-04-01,hokekan,65,684,0.1721
2025-04-01,hosp,0,1,0.0000
2025-04-01,hosp,1,60674,0.5366
2025-04-01,hosp,12,4,0.0000
2025-04-01,hosp,13,1,0.0000
2025-04-01,hosp,15,2890,0.0256
2025-04-01,hosp,16,426,0.0038
2025-04-01,hosp,2,1250,0.0111
2025-04-01,hosp,255,6,0.0001
2025-04-01,hosp,257,14,0.0001
2025-04-01,hosp,28,41631,0.3682
2025-04-01,hosp,33,2,0.0000
2025-04-01,hosp,43,44,0.0004
2025-04-01,hosp,48,2,0.0000
2025-04-01,hosp,5,68,0.0006
2025-04-01,hosp,6,31,0.0003
2025-04-01,hosp,65,6013,0.0532
2025-04-01,hosp,99,12,0.0001
2025-04-01,human,1,16990,0.4725
2025-04-01,human,12,3,0.0001
2025-04-01,human,13,3,0.0001
2025-04-01,human,15,3761,0.1046
2025-04-01,human,16,752,0.0209
2025-04-01,human,2,417,0.0116
2025-04-01,human,255,20,0.0006
2025-04-01,human,257,2,0.0001
2025-04-01,human,28,12663,0.3522
2025-04-01,human,33,7,0.0002
2025-04-01,human,43,66,0.0018
2025-04-01,human,48,1,0.0000
2025-04-01,human,5,21,0.0006
2025-04-01,human,6,11,0.0003
2025-04-01,human,65,1203,0.0335
2025-04-01,human,99,39,0.0011
2025-04-01,humcul,1,361,0.5938
2025-04-01,humcul,15,11,0.0181
2025-04-01,humcul,16,6,0.0099
2025-04-01,humcul,2,31,0.0510
2025-04-01,humcul,255,2,0.0033
2025-04-01,humcul,257,13,0.0214
2025-04-01,humcul,28,141,0.2319
2025-04-01,humcul,39,1,0.0016
2025-04-01,humcul,43,1,0.0016
2025-04-01,humcul,5,19,0.0312
2025-04-01,humcul,6,3,0.0049
2025-04-01,humcul,65,19,0.0312
2025-04-01,i-sangaku,1,1,0.0769
2025-04-01,i-sangaku,2,1,0.0769
2025-04-01,i-sangaku,28,1,0.0769
2025-04-01,i-sangaku,6,10,0.7692
2025-04-01,icrhs,1,1693,0.7104
2025-04-01,icrhs,15,83,0.0348
2025-04-01,icrhs,16,3,0.0013
2025-04-01,icrhs,2,24,0.0101
2025-04-01,icrhs,28,565,0.2371
2025-04-01,icrhs,35,1,0.0004
2025-04-01,icrhs,43,2,0.0008
2025-04-01,icrhs,5,3,0.0013
2025-04-01,icrhs,6,2,0.0008
2025-04-01,icrhs,65,7,0.0029
2025-04-01,ide,1,424,0.6839
2025-04-01,ide,15,4,0.0065
2025-04-01,ide,16,1,0.0016
2025-04-01,ide,2,9,0.0145
2025-04-01,ide,28,107,0.1726
2025-04-01,ide,5,2,0.0032
2025-04-01,ide,65,73,0.1177
2025-04-01,ied,1,4830,0.5910
2025-04-01,ied,12,4,0.0005
2025-04-01,ied,15,643,0.0787
2025-04-01,ied,16,100,0.0122
2025-04-01,ied,2,153,0.0187
2025-04-01,ied,255,2,0.0002
2025-04-01,ied,257,5,0.0006
2025-04-01,ied,28,2226,0.2724
2025-04-01,ied,33,8,0.0010
2025-04-01,ied,43,16,0.0020
2025-04-01,ied,48,6,0.0007
2025-04-01,ied,5,28,0.0034
2025-04-01,ied,6,15,0.0018
2025-04-01,ied,65,124,0.0152
2025-04-01,ied,99,12,0.0015
2025-04-01,ies,1,25,0.2632
2025-04-01,ies,15,49,0.5158
2025-04-01,ies,2,4,0.0421
2025-04-01,ies,28,6,0.0632
2025-04-01,ies,5,1,0.0105
2025-04-01,ies,6,10,0.1053
2025-04-01,iit,0,2,0.0001
2025-04-01,iit,1,13642,0.4836
2025-04-01,iit,12,1,0.0000
2025-04-01,iit,15,5123,0.1816
2025-04-01,iit,16,1662,0.0589
2025-04-01,iit,2,1238,0.0439
2025-04-01,iit,255,36,0.0013
2025-04-01,iit,257,131,0.0046
2025-04-01,iit,28,5375,0.1905
2025-04-01,iit,33,1,0.0000
2025-04-01,iit,35,1,0.0000
2025-04-01,iit,39,7,0.0002
2025-04-01,iit,43,48,0.0017
2025-04-01,iit,48,6,0.0002
2025-04-01,iit,5,229,0.0081
2025-04-01,iit,6,109,0.0039
2025-04-01,iit,65,529,0.0188
2025-04-01,iit,99,72,0.0026
2025-04-01,ilc,1,1526,0.4179
2025-04-01,ilc,15,888,0.2432
2025-04-01,ilc,16,158,0.0433
2025-04-01,ilc,2,143,0.0392
2025-04-01,ilc,28,883,0.2418
2025-04-01,ilc,43,3,0.0008
2025-04-01,ilc,5,31,0.0085
2025-04-01,ilc,6,18,0.0049
2025-04-01,ilc,99,2,0.0005
2025-04-01,imis,1,708,0.4621
2025-04-01,imis,12,1,0.0007
2025-04-01,imis,15,144,0.0940
2025-04-01,imis,16,177,0.1155
2025-04-01,imis,2,23,0.0150
2025-04-01,imis,257,1,0.0007
2025-04-01,imis,28,344,0.2245
2025-04-01,imis,33,1,0.0007
2025-04-01,imis,43,1,0.0007
2025-04-01,imis,48,1,0.0007
2025-04-01,imis,5,5,0.0033
2025-04-01,imis,6,3,0.0020
2025-04-01,imis,65,123,0.0803
2025-04-01,imri,1,48,0.6316
2025-04-01,imri,15,1,0.0132
2025-04-01,imri,2,3,0.0395
2025-04-01,imri,28,22,0.2895
2025-04-01,imri,65,2,0.0263
2025-04-01,ims,1,34405,0.5368
2025-04-01,ims,12,1,0.0000
2025-04-01,ims,13,2,0.0000
2025-04-01,ims,15,10548,0.1646
2025-04-01,ims,16,788,0.0123
2025-04-01,ims,2,3397,0.0530
2025-04-01,ims,255,12,0.0002
2025-04-01,ims,28,13845,0.2160
2025-04-01,ims,33,1,0.0000
2025-04-01,ims,35,1,0.0000
2025-04-01,ims,43,157,0.0024
2025-04-01,ims,48,3,0.0000
2025-04-01,ims,5,153,0.0024
2025-04-01,ims,6,85,0.0013
2025-04-01,ims,65,678,0.0106
2025-04-01,ims,99,14,0.0002
2025-04-01,inf,1,504,0.4628
2025-04-01,inf,12,1,0.0009
2025-04-01,inf,15,140,0.1286
2025-04-01,inf,16,23,0.0211
2025-04-01,inf,2,11,0.0101
2025-04-01,inf,257,1,0.0009
2025-04-01,inf,28,305,0.2801
2025-04-01,inf,33,1,0.0009
2025-04-01,inf,48,1,0.0009
2025-04-01,inf,5,4,0.0037
2025-04-01,inf,6,4,0.0037
2025-04-01,inf,65,94,0.0863
2025-04-01,informatics,1,3301,0.7738
2025-04-01,informatics,12,2,0.0005
2025-04-01,informatics,15,6,0.0014
2025-04-01,informatics,16,1,0.0002
2025-04-01,informatics,2,18,0.0042
2025-04-01,informatics,257,1,0.0002
2025-04-01,informatics,28,723,0.1695
2025-04-01,informatics,33,1,0.0002
2025-04-01,informatics,5,2,0.0005
2025-04-01,informatics,6,1,0.0002
2025-04-01,informatics,65,210,0.0492
2025-04-01,intersc,1,2193,0.5241
2025-04-01,intersc,15,967,0.2311
2025-04-01,intersc,16,9,0.0022
2025-04-01,intersc,2,149,0.0356
2025-04-01,intersc,255,2,0.0005
2025-04-01,intersc,28,690,0.1649
2025-04-01,intersc,43,2,0.0005
2025-04-01,intersc,5,16,0.0038
2025-04-01,intersc,6,3,0.0007
2025-04-01,intersc,65,153,0.0366
2025-04-01,ipp,1,711,0.6676
2025-04-01,ipp,2,30,0.0282
2025-04-01,ipp,28,246,0.2310
2025-04-01,ipp,5,3,0.0028
2025-04-01,ipp,6,10,0.0094
2025-04-01,ipp,65,65,0.0610
2025-04-01,is,1,4520,0.3615
2025-04-01,is,15,970,0.0776
2025-04-01,is,16,10,0.0008
2025-04-01,is,2,2155,0.1724
2025-04-01,is,28,2113,0.1690
2025-04-01,is,43,1408,0.1126
2025-04-01,is,48,1309,0.1047
2025-04-01,is,5,7,0.0006
2025-04-01,is,6,6,0.0005
2025-04-01,is,65,5,0.0004
2025-04-01,japan,1,1988,0.5136
2025-04-01,japan,15,733,0.1894
2025-04-01,japan,16,265,0.0685
2025-04-01,japan,2,86,0.0222
2025-04-01,japan,28,640,0.1653
2025-04-01,japan,35,1,0.0003
2025-04-01,japan,43,1,0.0003
2025-04-01,japan,5,4,0.0010
2025-04-01,japan,6,12,0.0031
2025-04-01,japan,65,134,0.0346
2025-04-01,japan,99,7,0.0018
2025-04-01,japanese,1,982,0.5941
2025-04-01,japanese,15,50,0.0302
2025-04-01,japanese,16,2,0.0012
2025-04-01,japanese,2,24,0.0145
2025-04-01,japanese,28,487,0.2946
2025-04-01,japanese,5,3,0.0018
2025-04-01,japanese,6,10,0.0060
2025-04-01,japanese,65,95,0.0575
2025-04-01,jinbun,1,964,0.5601
2025-04-01,jinbun,15,7,0.0041
2025-04-01,jinbun,16,3,0.0017
2025-04-01,jinbun,2,33,0.0192
2025-04-01,jinbun,28,459,0.2667
2025-04-01,jinbun,5,2,0.0012
2025-04-01,jinbun,6,1,0.0006
2025-04-01,jinbun,65,252,0.1464
2025-04-01,jinsha,1,14762,0.5929
2025-04-01,jinsha,12,2,0.0001
2025-04-01,jinsha,15,1235,0.0496
2025-04-01,jinsha,16,90,0.0036
2025-04-01,jinsha,2,742,0.0298
2025-04-01,jinsha,255,22,0.0009
2025-04-01,jinsha,257,129,0.0052
2025-04-01,jinsha,28,7347,0.2951
2025-04-01,jinsha,33,5,0.0002
2025-04-01,jinsha,35,1,0.0000
2025-04-01,jinsha,39,11,0.0004
2025-04-01,jinsha,43,22,0.0009
2025-04-01,jinsha,48,4,0.0002
2025-04-01,jinsha,5,233,0.0094
2025-04-01,jinsha,6,105,0.0042
2025-04-01,jinsha,65,157,0.0063
2025-04-01,jinsha,99,32,0.0013
2025-04-01,jp-ex,1,1627,0.6100
2025-04-01,jp-ex,15,3,0.0011
2025-04-01,jp-ex,16,2,0.0007
2025-04-01,jp-ex,2,45,0.0169
2025-04-01,jp-ex,28,843,0.3161
2025-04-01,jp-ex,5,6,0.0022
2025-04-01,jp-ex,6,10,0.0037
2025-04-01,jp-ex,65,131,0.0491
2025-04-01,kansei,1,1511,0.3981
2025-04-01,kansei,15,1060,0.2792
2025-04-01,kansei,16,109,0.0287
2025-04-01,kansei,2,62,0.0163
2025-04-01,kansei,255,4,0.0011
2025-04-01,kansei,28,1013,0.2669
2025-04-01,kansei,43,4,0.0011
2025-04-01,kansei,5,6,0.0016
2025-04-01,kansei,6,6,0.0016
2025-04-01,kansei,65,17,0.0045
2025-04-01,kansei,99,4,0.0011
2025-04-01,kc,1,2111,0.7122
2025-04-01,kc,15,28,0.0094
2025-04-01,kc,16,8,0.0027
2025-04-01,kc,2,70,0.0236
2025-04-01,kc,28,695,0.2345
2025-04-01,kc,5,6,0.0020
2025-04-01,kc,6,2,0.0007
2025-04-01,kc,65,44,0.0148
2025-04-01,kdb,1,6573,0.4323
2025-04-01,kdb,12,2,0.0001
2025-04-01,kdb,13,1,0.0001
2025-04-01,kdb,15,28,0.0018
2025-04-01,kdb,16,24,0.0016
2025-04-01,kdb,2,99,0.0065
2025-04-01,kdb,257,2,0.0001
2025-04-01,kdb,28,4732,0.3112
2025-04-01,kdb,33,2,0.0001
2025-04-01,kdb,48,2,0.0001
2025-04-01,kdb,5,20,0.0013
2025-04-01,kdb,6,25,0.0016
2025-04-01,kdb,65,3694,0.2429
2025-04-01,kdb,99,2,0.0001
2025-04-01,kiri-s,1,5569,0.4751
2025-04-01,kiri-s,15,1414,0.1206
2025-04-01,kiri-s,16,254,0.0217
2025-04-01,kiri-s,2,335,0.0286
2025-04-01,kiri-s,255,1,0.0001
2025-04-01,kiri-s,28,3794,0.3237
2025-04-01,kiri-s,43,10,0.0009
2025-04-01,kiri-s,5,13,0.0011
2025-04-01,kiri-s,6,7,0.0006
2025-04-01,kiri-s,65,320,0.0273
2025-04-01,kiri-s,99,4,0.0003
2025-04-01,kiso,1,526,0.4097
2025-04-01,kiso,15,414,0.3224
2025-04-01,kiso,16,4,0.0031
2025-04-01,kiso,2,46,0.0358
2025-04-01,kiso,28,259,0.2017
2025-04-01,kiso,43,14,0.0109
2025-04-01,kiso,5,10,0.0078
2025-04-01,kiso,6,6,0.0047
2025-04-01,kiso,65,5,0.0039
2025-04-01,kkss,1,142,0.6256
2025-04-01,kkss,12,2,0.0088
2025-04-01,kkss,15,4,0.0176
2025-04-01,kkss,16,2,0.0088
2025-04-01,kkss,2,6,0.0264
2025-04-01,kkss,257,2,0.0088
2025-04-01,kkss,28,42,0.1850
2025-04-01,kkss,33,2,0.0088
2025-04-01,kkss,48,2,0.0088
2025-04-01,kkss,5,3,0.0132
2025-04-01,kkss,6,11,0.0485
2025-04-01,kkss,65,9,0.0396
2025-04-01,klis,1,2900,0.3767
2025-04-01,klis,12,1,0.0001
2025-04-01,klis,15,2791,0.3625
2025-04-01,klis,16,217,0.0282
2025-04-01,klis,2,303,0.0394
2025-04-01,klis,255,1,0.0001
2025-04-01,klis,257,5,0.0006
2025-04-01,klis,28,1048,0.1361
2025-04-01,klis,33,1,0.0001
2025-04-01,klis,43,3,0.0004
2025-04-01,klis,48,1,0.0001
2025-04-01,klis,5,17,0.0022
2025-04-01,klis,6,16,0.0021
2025-04-01,klis,65,385,0.0500
2025-04-01,klis,99,10,0.0013
2025-04-01,kokuren,1,336,0.5957
2025-04-01,kokuren,15,4,0.0071
2025-04-01,kokuren,16,2,0.0035
2025-04-01,kokuren,2,28,0.0496
2025-04-01,kokuren,255,1,0.0018
2025-04-01,kokuren,28,165,0.2926
2025-04-01,kokuren,5,1,0.0018
2025-04-01,kokuren,6,9,0.0160
2025-04-01,kokuren,65,18,0.0319
2025-04-01,kokusai,1,1908,0.5674
2025-04-01,kokusai,12,2,0.0006
2025-04-01,kokusai,15,76,0.0226
2025-04-01,kokusai,16,5,0.0015
2025-04-01,kokusai,2,53,0.0158
2025-04-01,kokusai,257,2,0.0006
2025-04-01,kokusai,28,1041,0.3095
2025-04-01,kokusai,33,2,0.0006
2025-04-01,kokusai,43,2,0.0006
2025-04-01,kokusai,48,2,0.0006
2025-04-01,kokusai,5,10,0.0030
2025-04-01,kokusai,6,6,0.0018
2025-04-01,kokusai,65,253,0.0752
2025-04-01,kokusai,99,1,0.0003
2025-04-01,komaba-s,1,6649,0.5401
2025-04-01,komaba-s,12,1,0.0001
2025-04-01,komaba-s,15,126,0.0102
2025-04-01,komaba-s,16,21,0.0017
2025-04-01,komaba-s,2,373,0.0303
2025-04-01,komaba-s,255,2,0.0002
2025-04-01,komaba-s,257,1,0.0001
2025-04-01,komaba-s,28,3537,0.2873
2025-04-01,komaba-s,33,1,0.0001
2025-04-01,komaba-s,43,12,0.0010
2025-04-01,komaba-s,48,1,0.0001
2025-04-01,komaba-s,5,3,0.0002
2025-04-01,komaba-s,6,11,0.0009
2025-04-01,komaba-s,65,1573,0.1278
2025-04-01,kou-c,1,136,0.3098
2025-04-01,kou-c,15,149,0.3394
2025-04-01,kou-c,16,1,0.0023
2025-04-01,kou-c,2,12,0.0273
2025-04-01,kou-c,28,53,0.1207
2025-04-01,kou-c,43,1,0.0023
2025-04-01,kou-c,5,2,0.0046
2025-04-01,kou-c,6,84,0.1913
2025-04-01,kou-c,65,1,0.0023
2025-04-01,koudai,1,503,0.6272
2025-04-01,koudai,12,2,0.0025
2025-04-01,koudai,15,4,0.0050
2025-04-01,koudai,16,4,0.0050
2025-04-01,koudai,2,9,0.0112
2025-04-01,koudai,257,2,0.0025
2025-04-01,koudai,28,191,0.2382
2025-04-01,koudai,33,2,0.0025
2025-04-01,koudai,48,2,0.0025
2025-04-01,koudai,5,3,0.0037
2025-04-01,koudai,6,12,0.0150
2025-04-01,koudai,65,67,0.0835
2025-04-01,koudai,99,1,0.0012
2025-04-01,kurihama,1,1315,0.4517
2025-04-01,kurihama,12,1,0.0003
2025-04-01,kurihama,15,623,0.2140
2025-04-01,kurihama,16,59,0.0203
2025-04-01,kurihama,2,91,0.0313
2025-04-01,kurihama,257,1,0.0003
2025-04-01,kurihama,28,714,0.2453
2025-04-01,kurihama,33,1,0.0003
2025-04-01,kurihama,35,1,0.0003
2025-04-01,kurihama,48,1,0.0003
2025-04-01,kurihama,5,7,0.0024
2025-04-01,kurihama,6,14,0.0048
2025-04-01,kurihama,65,81,0.0278
2025-04-01,kurihama,99,2,0.0007
2025-04-01,kyoikusuishin,1,402,0.5057
2025-04-01,kyoikusuishin,15,1,0.0013
2025-04-01,kyoikusuishin,2,14,0.0176
2025-04-01,kyoikusuishin,28,311,0.3912
2025-04-01,kyoikusuishin,5,3,0.0038
2025-04-01,kyoikusuishin,6,10,0.0126
2025-04-01,kyoikusuishin,65,54,0.0679
2025-04-01,kz,1,10141,0.4666
2025-04-01,kz,12,5,0.0002
2025-04-01,kz,15,3752,0.1726
2025-04-01,kz,16,714,0.0329
2025-04-01,kz,2,638,0.0294
2025-04-01,kz,257,2,0.0001
2025-04-01,kz,28,5377,0.2474
2025-04-01,kz,33,2,0.0001
2025-04-01,kz,35,2,0.0001
2025-04-01,kz,43,36,0.0017
2025-04-01,kz,48,2,0.0001
2025-04-01,kz,5,76,0.0035
2025-04-01,kz,6,40,0.0018
2025-04-01,kz,65,942,0.0433
2025-04-01,kz,99,6,0.0003
2025-04-01,lawschool,1,5480,0.4831
2025-04-01,lawschool,12,2,0.0002
2025-04-01,lawschool,13,1,0.0001
2025-04-01,lawschool,15,1634,0.1440
2025-04-01,lawschool,16,319,0.0281
2025-04-01,lawschool,2,167,0.0147
2025-04-01,lawschool,257,2,0.0002
2025-04-01,lawschool,28,2554,0.2251
2025-04-01,lawschool,33,2,0.0002
2025-04-01,lawschool,43,1,0.0001
2025-04-01,lawschool,48,2,0.0002
2025-04-01,lawschool,5,37,0.0033
2025-04-01,lawschool,6,35,0.0031
2025-04-01,lawschool,65,1077,0.0949
2025-04-01,lawschool,99,31,0.0027
2025-04-01,life,1,4833,0.5920
2025-04-01,life,12,1,0.0001
2025-04-01,life,15,935,0.1145
2025-04-01,life,16,16,0.0020
2025-04-01,life,2,432,0.0529
2025-04-01,life,28,1527,0.1870
2025-04-01,life,33,3,0.0004
2025-04-01,life,35,3,0.0004
2025-04-01,life,43,29,0.0036
2025-04-01,life,48,13,0.0016
2025-04-01,life,5,32,0.0039
2025-04-01,life,6,15,0.0018
2025-04-01,life,65,325,0.0398
2025-04-01,lingua,1,2487,0.5517
2025-04-01,lingua,15,1038,0.2303
2025-04-01,lingua,16,10,0.0022
2025-04-01,lingua,2,213,0.0472
2025-04-01,lingua,28,591,0.1311
2025-04-01,lingua,43,8,0.0018
2025-04-01,lingua,5,14,0.0031
2025-04-01,lingua,6,7,0.0016
2025-04-01,lingua,65,140,0.0311
2025-04-01,logos,1,1736,0.4492
2025-04-01,logos,15,912,0.2360
2025-04-01,logos,16,162,0.0419
2025-04-01,logos,2,53,0.0137
2025-04-01,logos,28,960,0.2484
2025-04-01,logos,43,1,0.0003
2025-04-01,logos,5,4,0.0010
2025-04-01,logos,6,2,0.0005
2025-04-01,logos,65,32,0.0083
2025-04-01,logos,99,3,0.0008
2025-04-01,manaba,1,14335,0.4693
2025-04-01,manaba,13,1,0.0000
2025-04-01,manaba,15,11,0.0004
2025-04-01,manaba,16,4,0.0001
2025-04-01,manaba,2,155,0.0051
2025-04-01,manaba,28,10252,0.3356
2025-04-01,manaba,43,11,0.0004
2025-04-01,manaba,5,5,0.0002
2025-04-01,manaba,6,11,0.0004
2025-04-01,manaba,65,5763,0.1887
2025-04-01,mast,1,1499,0.5088
2025-04-01,mast,15,92,0.0312
2025-04-01,mast,16,39,0.0132
2025-04-01,mast,2,65,0.0221
2025-04-01,mast,28,895,0.3038
2025-04-01,mast,5,13,0.0044
2025-04-01,mast,6,6,0.0020
2025-04-01,mast,65,336,0.1141
2025-04-01,mast,99,1,0.0003
2025-04-01,materials,1,234,0.6273
2025-04-01,materials,15,1,0.0027
2025-04-01,materials,2,19,0.0509
2025-04-01,materials,28,117,0.3137
2025-04-01,materials,5,1,0.0027
2025-04-01,materials,65,1,0.0027
2025-04-01,math,1,8467,0.5130
2025-04-01,math,12,3,0.0002
2025-04-01,math,13,1,0.0001
2025-04-01,math,15,1767,0.1071
2025-04-01,math,16,295,0.0179
2025-04-01,math,2,296,0.0179
2025-04-01,math,255,2,0.0001
2025-04-01,math,257,4,0.0002
2025-04-01,math,28,4883,0.2959
2025-04-01,math,33,3,0.0002
2025-04-01,math,43,4,0.0002
2025-04-01,math,48,3,0.0002
2025-04-01,math,5,28,0.0017
2025-04-01,math,6,14,0.0008
2025-04-01,math,65,693,0.0420
2025-04-01,math,99,41,0.0025
2025-04-01,md,43,96,1.0000
2025-04-01,megaquake,1,14,0.4000
2025-04-01,megaquake,2,2,0.0571
2025-04-01,megaquake,28,10,0.2857
2025-04-01,megaquake,6,9,0.2571
2025-04-01,mics,1,812,0.6213
2025-04-01,mics,12,2,0.0015
2025-04-01,mics,15,5,0.0038
2025-04-01,mics,16,8,0.0061
2025-04-01,mics,2,59,0.0451
2025-04-01,mics,257,2,0.0015
2025-04-01,mics,28,366,0.2800
2025-04-01,mics,33,2,0.0015
2025-04-01,mics,48,2,0.0015
2025-04-01,mics,5,7,0.0054
2025-04-01,mics,6,16,0.0122
2025-04-01,mics,65,25,0.0191
2025-04-01,mics,99,1,0.0008
2025-04-01,modernlc,1,1176,0.6629
2025-04-01,modernlc,15,4,0.0023
2025-04-01,modernlc,16,2,0.0011
2025-04-01,modernlc,2,31,0.0175
2025-04-01,modernlc,28,389,0.2193
2025-04-01,modernlc,5,6,0.0034
2025-04-01,modernlc,6,11,0.0062
2025-04-01,modernlc,65,155,0.0874
2025-04-01,moodle,1,41,0.1647
2025-04-01,moodle,15,169,0.6787
2025-04-01,moodle,2,3,0.0120
2025-04-01,moodle,28,23,0.0924
2025-04-01,moodle,6,8,0.0321
2025-04-01,moodle,65,5,0.0201
2025-04-01,mountain-studies,1,1305,0.5318
2025-04-01,mountain-studies,12,1,0.0004
2025-04-01,mountain-studies,15,23,0.0094
2025-04-01,mountain-studies,16,5,0.0020
2025-04-01,mountain-studies,2,155,0.0632
2025-04-01,mountain-studies,255,10,0.0041
2025-04-01,mountain-studies,257,2,0.0008
2025-04-01,mountain-studies,28,789,0.3215
2025-04-01,mountain-studies,33,1,0.0004
2025-04-01,mountain-studies,43,3,0.0012
2025-04-01,mountain-studies,48,2,0.0008
2025-04-01,mountain-studies,5,5,0.0020
2025-04-01,mountain-studies,6,1,0.0004
2025-04-01,mountain-studies,65,152,0.0619
2025-04-01,msc,1,9505,0.5453
2025-04-01,msc,12,4,0.0002
2025-04-01,msc,15,320,0.0184
2025-04-01,msc,16,35,0.0020
2025-04-01,msc,2,324,0.0186
2025-04-01,msc,255,10,0.0006
2025-04-01,msc,257,3,0.0002
2025-04-01,msc,28,6845,0.3927
2025-04-01,msc,33,3,0.0002
2025-04-01,msc,43,11,0.0006
2025-04-01,msc,48,1,0.0001
2025-04-01,msc,5,17,0.0010
2025-04-01,msc,6,23,0.0013
2025-04-01,msc,65,329,0.0189
2025-04-01,msc,99,1,0.0001
2025-04-01,namagaku,1,279,0.6159
2025-04-01,namagaku,15,2,0.0044
2025-04-01,namagaku,16,2,0.0044
2025-04-01,namagaku,2,10,0.0221
2025-04-01,namagaku,28,109,0.2406
2025-04-01,namagaku,5,3,0.0066
2025-04-01,namagaku,6,11,0.0243
2025-04-01,namagaku,65,37,0.0817
2025-04-01,nature,1,496,0.3311
2025-04-01,nature,12,2,0.0013
2025-04-01,nature,15,662,0.4419
2025-04-01,nature,16,3,0.0020
2025-04-01,nature,2,36,0.0240
2025-04-01,nature,257,2,0.0013
2025-04-01,nature,28,257,0.1716
2025-04-01,nature,33,2,0.0013
2025-04-01,nature,43,1,0.0007
2025-04-01,nature,48,2,0.0013
2025-04-01,nature,5,5,0.0033
2025-04-01,nature,6,21,0.0140
2025-04-01,nature,65,9,0.0060
2025-04-01,nc-bsys,1,386,0.7798
2025-04-01,nc-bsys,15,2,0.0040
2025-04-01,nc-bsys,16,1,0.0020
2025-04-01,nc-bsys,2,6,0.0121
2025-04-01,nc-bsys,28,62,0.1253
2025-04-01,nc-bsys,5,4,0.0081
2025-04-01,nc-bsys,6,11,0.0222
2025-04-01,nc-bsys,65,23,0.0465
2025-04-01,neurosci,1,2472,0.5981
2025-04-01,neurosci,15,30,0.0073
2025-04-01,neurosci,16,7,0.0017
2025-04-01,neurosci,2,56,0.0135
2025-04-01,neurosci,255,4,0.0010
2025-04-01,neurosci,28,1274,0.3083
2025-04-01,neurosci,35,1,0.0002
2025-04-01,neurosci,43,3,0.0007
2025-04-01,neurosci,5,4,0.0010
2025-04-01,neurosci,6,5,0.0012
2025-04-01,neurosci,65,277,0.0670
2025-04-01,nourin,1,2077,0.4782
2025-04-01,nourin,15,439,0.1011
2025-04-01,nourin,16,119,0.0274
2025-04-01,nourin,2,74,0.0170
2025-04-01,nourin,28,1604,0.3693
2025-04-01,nourin,43,4,0.0009
2025-04-01,nourin,5,8,0.0018
2025-04-01,nourin,6,2,0.0005
2025-04-01,nourin,65,16,0.0037
2025-04-01,nsfb,1,5350,0.4407
2025-04-01,nsfb,13,2,0.0002
2025-04-01,nsfb,15,2341,0.1928
2025-04-01,nsfb,16,191,0.0157
2025-04-01,nsfb,2,300,0.0247
2025-04-01,nsfb,28,3542,0.2917
2025-04-01,nsfb,43,1,0.0001
2025-04-01,nsfb,5,5,0.0004
2025-04-01,nsfb,6,3,0.0002
2025-04-01,nsfb,65,396,0.0326
2025-04-01,nsfb,99,10,0.0008
2025-04-01,ocw,1,4352,0.5799
2025-04-01,ocw,12,2,0.0003
2025-04-01,ocw,15,13,0.0017
2025-04-01,ocw,16,8,0.0011
2025-04-01,ocw,2,87,0.0116
2025-04-01,ocw,255,1,0.0001
2025-04-01,ocw,257,2,0.0003
2025-04-01,ocw,28,2367,0.3154
2025-04-01,ocw,33,2,0.0003
2025-04-01,ocw,43,4,0.0005
2025-04-01,ocw,48,2,0.0003
2025-04-01,ocw,5,13,0.0017
2025-04-01,ocw,6,14,0.0019
2025-04-01,ocw,65,638,0.0850
2025-04-01,oii,1,817,0.4970
2025-04-01,oii,15,222,0.1350
2025-04-01,oii,16,36,0.0219
2025-04-01,oii,2,101,0.0614
2025-04-01,oii,28,386,0.2348
2025-04-01,oii,5,4,0.0024
2025-04-01,oii,6,11,0.0067
2025-04-01,oii,65,67,0.0408
2025-04-01,oiso,1,1445,0.6765
2025-04-01,oiso,12,2,0.0009
2025-04-01,oiso,15,5,0.0023
2025-04-01,oiso,16,4,0.0019
2025-04-01,oiso,2,12,0.0056
2025-04-01,oiso,255,5,0.0023
2025-04-01,oiso,257,2,0.0009
2025-04-01,oiso,28,622,0.2912
2025-04-01,oiso,33,2,0.0009
2025-04-01,oiso,48,2,0.0009
2025-04-01,oiso,5,6,0.0028
2025-04-01,oiso,6,12,0.0056
2025-04-01,oiso,65,16,0.0075
2025-04-01,oiso,99,1,0.0005
2025-04-01,ole,1,26,0.4727
2025-04-01,ole,15,3,0.0545
2025-04-01,ole,2,4,0.0727
2025-04-01,ole,28,12,0.2182
2025-04-01,ole,5,1,0.0182
2025-04-01,ole,6,9,0.1636
2025-04-01,opera,1,228,0.6746
2025-04-01,opera,15,1,0.0030
2025-04-01,opera,16,1,0.0030
2025-04-01,opera,2,8,0.0237
2025-04-01,opera,28,79,0.2337
2025-04-01,opera,35,1,0.0030
2025-04-01,opera,5,2,0.0059
2025-04-01,opera,6,10,0.0296
2025-04-01,opera,65,8,0.0237
2025-04-01,opop,1,1265,0.6812
2025-04-01,opop,12,1,0.0005
2025-04-01,opop,15,3,0.0016
2025-04-01,opop,16,4,0.0022
2025-04-01,opop,2,13,0.0070
2025-04-01,opop,257,1,0.0005
2025-04-01,opop,28,509,0.2741
2025-04-01,opop,33,1,0.0005
2025-04-01,opop,48,1,0.0005
2025-04-01,opop,5,4,0.0022
2025-04-01,opop,6,10,0.0054
2025-04-01,opop,65,45,0.0242
2025-04-01,osi,1,2376,0.6587
2025-04-01,osi,12,2,0.0006
2025-04-01,osi,15,50,0.0139
2025-04-01,osi,16,7,0.0019
2025-04-01,osi,2,149,0.0413
2025-04-01,osi,255,5,0.0014
2025-04-01,osi,257,4,0.0011
2025-04-01,osi,28,884,0.2451
2025-04-01,osi,33,2,0.0006
2025-04-01,osi,35,1,0.0003
2025-04-01,osi,43,2,0.0006
2025-04-01,osi,48,2,0.0006
2025-04-01,osi,5,5,0.0014
2025-04-01,osi,6,13,0.0036
2025-04-01,osi,65,103,0.0286
2025-04-01,osi,99,2,0.0006
2025-04-01,otsuka,1,14949,0.5405
2025-04-01,otsuka,12,7,0.0003
2025-04-01,otsuka,13,2,0.0001
2025-04-01,otsuka,15,1238,0.0448
2025-04-01,otsuka,16,226,0.0082
2025-04-01,otsuka,2,1793,0.0648
2025-04-01,otsuka,255,1,0.0000
2025-04-01,otsuka,257,8,0.0003
2025-04-01,otsuka,28,7206,0.2605
2025-04-01,otsuka,33,6,0.0002
2025-04-01,otsuka,35,1,0.0000
2025-04-01,otsuka,43,397,0.0144
2025-04-01,otsuka,48,285,0.0103
2025-04-01,otsuka,5,40,0.0014
2025-04-01,otsuka,6,36,0.0013
2025-04-01,otsuka,65,1464,0.0529
2025-04-01,otsuka,99,1,0.0000
2025-04-01,otsuka-s,1,1342,0.4349
2025-04-01,otsuka-s,15,584,0.1892
2025-04-01,otsuka-s,16,43,0.0139
2025-04-01,otsuka-s,2,60,0.0194
2025-04-01,otsuka-s,255,4,0.0013
2025-04-01,otsuka-s,257,2,0.0006
2025-04-01,otsuka-s,28,922,0.2988
2025-04-01,otsuka-s,35,1,0.0003
2025-04-01,otsuka-s,5,8,0.0026
2025-04-01,otsuka-s,6,2,0.0006
2025-04-01,otsuka-s,65,116,0.0376
2025-04-01,otsuka-s,99,2,0.0006
2025-04-01,oyoriko,1,1037,0.5438
2025-04-01,oyoriko,12,2,0.0010
2025-04-01,oyoriko,15,18,0.0094
2025-04-01,oyoriko,16,3,0.0016
2025-04-01,oyoriko,2,50,0.0262
2025-04-01,oyoriko,255,3,0.0016
2025-04-01,oyoriko,257,2,0.0010
2025-04-01,oyoriko,28,538,0.2821
2025-04-01,oyoriko,33,2,0.0010
2025-04-01,oyoriko,43,1,0.0005
2025-04-01,oyoriko,48,2,0.0010
2025-04-01,oyoriko,5,5,0.0026
2025-04-01,oyoriko,6,13,0.0068
2025-04-01,oyoriko,65,231,0.1211
2025-04-01,pas,1,5495,0.5181
2025-04-01,pas,12,3,0.0003
2025-04-01,pas,15,229,0.0216
2025-04-01,pas,16,20,0.0019
2025-04-01,pas,2,288,0.0272
2025-04-01,pas,257,2,0.0002
2025-04-01,pas,28,3989,0.3761
2025-04-01,pas,33,4,0.0004
2025-04-01,pas,43,67,0.0063
2025-04-01,pas,48,4,0.0004
2025-04-01,pas,5,10,0.0009
2025-04-01,pas,6,7,0.0007
2025-04-01,pas,65,488,0.0460
2025-04-01,person,1,608,0.5241
2025-04-01,person,15,4,0.0034
2025-04-01,person,16,3,0.0026
2025-04-01,person,2,16,0.0138
2025-04-01,person,28,269,0.2319
2025-04-01,person,35,1,0.0009
2025-04-01,person,5,1,0.0009
2025-04-01,person,6,11,0.0095
2025-04-01,person,65,247,0.2129
2025-04-01,ph,0,1,0.0001
2025-04-01,ph,1,5697,0.5376
2025-04-01,ph,15,1139,0.1075
2025-04-01,ph,16,357,0.0337
2025-04-01,ph,2,377,0.0356
2025-04-01,ph,257,1,0.0001
2025-04-01,ph,28,2623,0.2475
2025-04-01,ph,35,2,0.0002
2025-04-01,ph,43,30,0.0028
2025-04-01,ph,5,22,0.0021
2025-04-01,ph,6,16,0.0015
2025-04-01,ph,65,257,0.0243
2025-04-01,ph,99,75,0.0071
2025-04-01,phd-humanics,1,4115,0.4529
2025-04-01,phd-humanics,12,4,0.0004
2025-04-01,phd-humanics,15,54,0.0059
2025-04-01,phd-humanics,16,41,0.0045
2025-04-01,phd-humanics,2,247,0.0272
2025-04-01,phd-humanics,255,2,0.0002
2025-04-01,phd-humanics,257,4,0.0004
2025-04-01,phd-humanics,28,2503,0.2755
2025-04-01,phd-humanics,33,4,0.0004
2025-04-01,phd-humanics,43,2,0.0002
2025-04-01,phd-humanics,5,26,0.0029
2025-04-01,phd-humanics,6,1843,0.2029
2025-04-01,phd-humanics,65,240,0.0264
2025-04-01,physics,1,500,0.6935
2025-04-01,physics,12,1,0.0014
2025-04-01,physics,15,1,0.0014
2025-04-01,physics,16,1,0.0014
2025-04-01,physics,2,43,0.0596
2025-04-01,physics,257,1,0.0014
2025-04-01,physics,28,112,0.1553
2025-04-01,physics,33,1,0.0014
2025-04-01,physics,43,2,0.0028
2025-04-01,physics,48,1,0.0014
2025-04-01,physics,5,3,0.0042
2025-04-01,physics,6,10,0.0139
2025-04-01,physics,65,45,0.0624
2025-04-01,pmrc,1,6247,0.4404
2025-04-01,pmrc,12,2,0.0001
2025-04-01,pmrc,13,2,0.0001
2025-04-01,pmrc,15,2962,0.2088
2025-04-01,pmrc,16,307,0.0216
2025-04-01,pmrc,2,358,0.0252
2025-04-01,pmrc,28,3875,0.2732
2025-04-01,pmrc,43,4,0.0003
2025-04-01,pmrc,5,12,0.0008
2025-04-01,pmrc,6,8,0.0006
2025-04-01,pmrc,65,389,0.0274
2025-04-01,pmrc,99,19,0.0013
2025-04-01,prc,1,4439,0.4682
2025-04-01,prc,12,1,0.0001
2025-04-01,prc,15,1312,0.1384
2025-04-01,prc,16,141,0.0149
2025-04-01,prc,2,240,0.0253
2025-04-01,prc,255,1,0.0001
2025-04-01,prc,257,2,0.0002
2025-04-01,prc,28,2987,0.3150
2025-04-01,prc,33,2,0.0002
2025-04-01,prc,43,10,0.0011
2025-04-01,prc,5,39,0.0041
2025-04-01,prc,6,29,0.0031
2025-04-01,prc,65,276,0.0291
2025-04-01,prc,99,3,0.0003
2025-04-01,press,1,908,0.5700
2025-04-01,press,12,1,0.0006
2025-04-01,press,15,126,0.0791
2025-04-01,press,16,40,0.0251
2025-04-01,press,2,54,0.0339
2025-04-01,press,257,1,0.0006
2025-04-01,press,28,420,0.2637
2025-04-01,press,33,1,0.0006
2025-04-01,press,48,1,0.0006
2025-04-01,press,5,4,0.0025
2025-04-01,press,6,11,0.0069
2025-04-01,press,65,26,0.0163
2025-04-01,projects,1,843,0.5794
2025-04-01,projects,12,5,0.0034
2025-04-01,projects,15,19,0.0131
2025-04-01,projects,16,11,0.0076
2025-04-01,projects,2,98,0.0674
2025-04-01,projects,257,3,0.0021
2025-04-01,projects,28,366,0.2515
2025-04-01,projects,33,3,0.0021
2025-04-01,projects,48,3,0.0021
2025-04-01,projects,5,11,0.0076
2025-04-01,projects,6,21,0.0144
2025-04-01,projects,65,72,0.0495
2025-04-01,px,1,8982,0.5684
2025-04-01,px,15,909,0.0575
2025-04-01,px,16,125,0.0079
2025-04-01,px,2,445,0.0282
2025-04-01,px,28,4680,0.2961
2025-04-01,px,35,1,0.0001
2025-04-01,px,43,73,0.0046
2025-04-01,px,5,40,0.0025
2025-04-01,px,6,29,0.0018
2025-04-01,px,65,477,0.0302
2025-04-01,px,99,42,0.0027
2025-04-01,qils,1,62,0.5299
2025-04-01,qils,15,2,0.0171
2025-04-01,qils,16,1,0.0085
2025-04-01,qils,2,8,0.0684
2025-04-01,qils,28,32,0.2735
2025-04-01,qils,5,1,0.0085
2025-04-01,qils,6,10,0.0855
2025-04-01,qils,65,1,0.0085
2025-04-01,radd,1,908,0.5282
2025-04-01,radd,15,1,0.0006
2025-04-01,radd,16,2,0.0012
2025-04-01,radd,2,14,0.0081
2025-04-01,radd,28,642,0.3735
2025-04-01,radd,5,1,0.0006
2025-04-01,radd,6,10,0.0058
2025-04-01,radd,65,141,0.0820
2025-04-01,rccp,1,2004,0.3490
2025-04-01,rccp,15,1970,0.3431
2025-04-01,rccp,16,771,0.1343
2025-04-01,rccp,2,351,0.0611
2025-04-01,rccp,28,532,0.0927
2025-04-01,rccp,43,22,0.0038
2025-04-01,rccp,5,16,0.0028
2025-04-01,rccp,6,16,0.0028
2025-04-01,rccp,65,9,0.0016
2025-04-01,rccp,99,51,0.0089
2025-04-01,rcdh,1,427,0.6135
2025-04-01,rcdh,15,14,0.0201
2025-04-01,rcdh,16,10,0.0144
2025-04-01,rcdh,2,46,0.0661
2025-04-01,rcdh,255,3,0.0043
2025-04-01,rcdh,257,19,0.0273
2025-04-01,rcdh,28,132,0.1897
2025-04-01,rcdh,39,2,0.0029
2025-04-01,rcdh,5,29,0.0417
2025-04-01,rcdh,6,10,0.0144
2025-04-01,rcdh,65,3,0.0043
2025-04-01,rcdh,99,1,0.0014
2025-04-01,rcus,1,157,0.7302
2025-04-01,rcus,2,6,0.0279
2025-04-01,rcus,28,38,0.1767
2025-04-01,rcus,5,2,0.0093
2025-04-01,rcus,6,10,0.0465
2025-04-01,rcus,65,2,0.0093
2025-04-01,rdcpm,1,430,0.6981
2025-04-01,rdcpm,2,19,0.0308
2025-04-01,rdcpm,28,145,0.2354
2025-04-01,rdcpm,5,1,0.0016
2025-04-01,rdcpm,6,9,0.0146
2025-04-01,rdcpm,65,12,0.0195
2025-04-01,ri-center,1,680,0.4231
2025-04-01,ri-center,15,351,0.2184
2025-04-01,ri-center,16,22,0.0137
2025-04-01,ri-center,2,154,0.0958
2025-04-01,ri-center,255,1,0.0006
2025-04-01,ri-center,28,320,0.1991
2025-04-01,ri-center,43,1,0.0006
2025-04-01,ri-center,5,53,0.0330
2025-04-01,ri-center,6,21,0.0131
2025-04-01,ri-center,65,4,0.0025
2025-04-01,riryou,1,290,0.6067
2025-04-01,riryou,12,1,0.0021
2025-04-01,riryou,15,3,0.0063
2025-04-01,riryou,16,2,0.0042
2025-04-01,riryou,2,12,0.0251
2025-04-01,riryou,28,108,0.2259
2025-04-01,riryou,33,1,0.0021
2025-04-01,riryou,5,3,0.0063
2025-04-01,riryou,6,11,0.0230
2025-04-01,riryou,65,47,0.0983
2025-04-01,risk,1,10623,0.4382
2025-04-01,risk,12,2,0.0001
2025-04-01,risk,15,4789,0.1975
2025-04-01,risk,16,1488,0.0614
2025-04-01,risk,2,926,0.0382
2025-04-01,risk,255,1,0.0000
2025-04-01,risk,257,19,0.0008
2025-04-01,risk,28,5285,0.2180
2025-04-01,risk,33,3,0.0001
2025-04-01,risk,39,2,0.0001
2025-04-01,risk,43,107,0.0044
2025-04-01,risk,48,79,0.0033
2025-04-01,risk,5,108,0.0045
2025-04-01,risk,6,51,0.0021
2025-04-01,risk,65,715,0.0295
2025-04-01,risk,99,47,0.0019
2025-04-01,ronbun-juri,1,134,0.4573
2025-04-01,ronbun-juri,15,6,0.0205
2025-04-01,ronbun-juri,16,2,0.0068
2025-04-01,ronbun-juri,2,6,0.0205
2025-04-01,ronbun-juri,28,131,0.4471
2025-04-01,ronbun-juri,5,2,0.0068
2025-04-01,ronbun-juri,6,12,0.0410
2025-04-01,ryudou,1,122,0.4861
2025-04-01,ryudou,15,5,0.0199
2025-04-01,ryudou,16,1,0.0040
2025-04-01,ryudou,2,14,0.0558
2025-04-01,ryudou,28,96,0.3825
2025-04-01,ryudou,43,1,0.0040
2025-04-01,ryudou,5,2,0.0080
2025-04-01,ryudou,6,10,0.0398
2025-04-01,s,1,30322,0.4441
2025-04-01,s,13,1,0.0000
2025-04-01,s,15,16809,0.2462
2025-04-01,s,16,1262,0.0185
2025-04-01,s,2,683,0.0100
2025-04-01,s,255,9,0.0001
2025-04-01,s,257,1,0.0000
2025-04-01,s,28,18634,0.2729
2025-04-01,s,33,8,0.0001
2025-04-01,s,43,8,0.0001
2025-04-01,s,5,50,0.0007
2025-04-01,s,6,25,0.0004
2025-04-01,s,65,423,0.0062
2025-04-01,s,99,48,0.0007
2025-04-01,sakado-s,1,3670,0.4935
2025-04-01,sakado-s,12,2,0.0003
2025-04-01,sakado-s,15,506,0.0680
2025-04-01,sakado-s,16,28,0.0038
2025-04-01,sakado-s,2,129,0.0173
2025-04-01,sakado-s,28,2620,0.3523
2025-04-01,sakado-s,33,4,0.0005
2025-04-01,sakado-s,35,1,0.0001
2025-04-01,sakado-s,43,2,0.0003
2025-04-01,sakado-s,5,20,0.0027
2025-04-01,sakado-s,6,9,0.0012
2025-04-01,sakado-s,65,444,0.0597
2025-04-01,sakado-s,99,2,0.0003
2025-04-01,sanrenhonbu,1,3638,0.6158
2025-04-01,sanrenhonbu,12,3,0.0005
2025-04-01,sanrenhonbu,13,1,0.0002
2025-04-01,sanrenhonbu,15,30,0.0051
2025-04-01,sanrenhonbu,16,8,0.0014
2025-04-01,sanrenhonbu,2,146,0.0247
2025-04-01,sanrenhonbu,255,13,0.0022
2025-04-01,sanrenhonbu,257,2,0.0003
2025-04-01,sanrenhonbu,28,1794,0.3037
2025-04-01,sanrenhonbu,33,2,0.0003
2025-04-01,sanrenhonbu,43,4,0.0007
2025-04-01,sanrenhonbu,48,2,0.0003
2025-04-01,sanrenhonbu,5,10,0.0017
2025-04-01,sanrenhonbu,6,18,0.0030
2025-04-01,sanrenhonbu,65,237,0.0401
2025-04-01,sapec,1,5154,0.4946
2025-04-01,sapec,12,5,0.0005
2025-04-01,sapec,15,428,0.0411
2025-04-01,sapec,16,71,0.0068
2025-04-01,sapec,2,645,0.0619
2025-04-01,sapec,255,1,0.0001
2025-04-01,sapec,257,2,0.0002
2025-04-01,sapec,28,3092,0.2967
2025-04-01,sapec,33,2,0.0002
2025-04-01,sapec,35,1,0.0001
2025-04-01,sapec,43,4,0.0004
2025-04-01,sapec,48,2,0.0002
2025-04-01,sapec,5,74,0.0071
2025-04-01,sapec,6,75,0.0072
2025-04-01,sapec,65,861,0.0826
2025-04-01,sapec,99,4,0.0004
2025-04-01,scpj,1,909,0.6330
2025-04-01,scpj,12,2,0.0014
2025-04-01,scpj,15,49,0.0341
2025-04-01,scpj,16,5,0.0035
2025-04-01,scpj,2,67,0.0467
2025-04-01,scpj,257,2,0.0014
2025-04-01,scpj,28,355,0.2472
2025-04-01,scpj,33,2,0.0014
2025-04-01,scpj,43,5,0.0035
2025-04-01,scpj,48,2,0.0014
2025-04-01,scpj,5,5,0.0035
2025-04-01,scpj,6,12,0.0084
2025-04-01,scpj,65,20,0.0139
2025-04-01,scpj,99,1,0.0007
2025-04-01,scs,1,1386,0.5264
2025-04-01,scs,12,2,0.0008
2025-04-01,scs,15,3,0.0011
2025-04-01,scs,16,3,0.0011
2025-04-01,scs,2,16,0.0061
2025-04-01,scs,257,2,0.0008
2025-04-01,scs,28,786,0.2985
2025-04-01,scs,33,2,0.0008
2025-04-01,scs,48,2,0.0008
2025-04-01,scs,5,3,0.0011
2025-04-01,scs,6,10,0.0038
2025-04-01,scs,65,418,0.1588
2025-04-01,sec,0,1,0.0000
2025-04-01,sec,1,90126,0.5956
2025-04-01,sec,12,33,0.0002
2025-04-01,sec,13,8,0.0001
2025-04-01,sec,15,5655,0.0374
2025-04-01,sec,16,946,0.0063
2025-04-01,sec,2,3434,0.0227
2025-04-01,sec,255,12,0.0001
2025-04-01,sec,257,71,0.0005
2025-04-01,sec,28,40478,0.2675
2025-04-01,sec,33,34,0.0002
2025-04-01,sec,43,208,0.0014
2025-04-01,sec,48,119,0.0008
2025-04-01,sec,5,324,0.0021
2025-04-01,sec,6,264,0.0017
2025-04-01,sec,65,9561,0.0632
2025-04-01,sec,99,49,0.0003
2025-04-01,shakai,1,837,0.5287
2025-04-01,shakai,15,80,0.0505
2025-04-01,shakai,16,1,0.0006
2025-04-01,shakai,2,23,0.0145
2025-04-01,shakai,28,397,0.2508
2025-04-01,shakai,5,1,0.0006
2025-04-01,shakai,6,10,0.0063
2025-04-01,shakai,65,234,0.1478
2025-04-01,shimoda,1,6905,0.4436
2025-04-01,shimoda,12,2,0.0001
2025-04-01,shimoda,15,3136,0.2015
2025-04-01,shimoda,16,1260,0.0810
2025-04-01,shimoda,2,709,0.0456
2025-04-01,shimoda,255,1,0.0001
2025-04-01,shimoda,257,2,0.0001
2025-04-01,shimoda,28,3182,0.2044
2025-04-01,shimoda,33,2,0.0001
2025-04-01,shimoda,43,6,0.0004
2025-04-01,shimoda,48,2,0.0001
2025-04-01,shimoda,5,14,0.0009
2025-04-01,shimoda,6,18,0.0012
2025-04-01,shimoda,65,284,0.0182
2025-04-01,shimoda,99,42,0.0027
2025-04-01,sie,1,5263,0.5169
2025-04-01,sie,15,797,0.0783
2025-04-01,sie,16,141,0.0138
2025-04-01,sie,2,474,0.0466
2025-04-01,sie,28,3053,0.2999
2025-04-01,sie,43,212,0.0208
2025-04-01,sie,48,184,0.0181
2025-04-01,sie,5,5,0.0005
2025-04-01,sie,6,9,0.0009
2025-04-01,sie,65,43,0.0042
2025-04-01,sipc,6,10,1.0000
2025-04-01,sk,1,32045,0.4662
2025-04-01,sk,12,4,0.0001
2025-04-01,sk,13,3,0.0000
2025-04-01,sk,15,14744,0.2145
2025-04-01,sk,16,1162,0.0169
2025-04-01,sk,2,2364,0.0344
2025-04-01,sk,255,9,0.0001
2025-04-01,sk,257,5,0.0001
2025-04-01,sk,28,15390,0.2239
2025-04-01,sk,33,6,0.0001
2025-04-01,sk,35,2,0.0000
2025-04-01,sk,39,1,0.0000
2025-04-01,sk,43,49,0.0007
2025-04-01,sk,48,2,0.0000
2025-04-01,sk,5,173,0.0025
2025-04-01,sk,6,75,0.0011
2025-04-01,sk,65,2678,0.0390
2025-04-01,sk,99,31,0.0005
2025-04-01,skip,1,715,0.5269
2025-04-01,skip,12,1,0.0007
2025-04-01,skip,15,22,0.0162
2025-04-01,skip,16,6,0.0044
2025-04-01,skip,2,25,0.0184
2025-04-01,skip,257,1,0.0007
2025-04-01,skip,28,429,0.3161
2025-04-01,skip,33,1,0.0007
2025-04-01,skip,43,3,0.0022
2025-04-01,skip,48,1,0.0007
2025-04-01,skip,5,67,0.0494
2025-04-01,skip,6,13,0.0096
2025-04-01,skip,65,73,0.0538
2025-04-01,sleepymouse,1,25,0.5319
2025-04-01,sleepymouse,2,1,0.0213
2025-04-01,sleepymouse,28,8,0.1702
2025-04-01,sleepymouse,35,1,0.0213
2025-04-01,sleepymouse,5,3,0.0638
2025-04-01,sleepymouse,6,9,0.1915
2025-04-01,slis,1,91775,0.5355
2025-04-01,slis,12,5,0.0000
2025-04-01,slis,13,4,0.0000
2025-04-01,slis,15,7189,0.0419
2025-04-01,slis,16,1479,0.0086
2025-04-01,slis,2,4318,0.0252
2025-04-01,slis,255,16,0.0001
2025-04-01,slis,257,20,0.0001
2025-04-01,slis,28,65192,0.3804
2025-04-01,slis,33,5,0.0000
2025-04-01,slis,35,1,0.0000
2025-04-01,slis,39,1,0.0000
2025-04-01,slis,43,123,0.0007
2025-04-01,slis,48,6,0.0000
2025-04-01,slis,5,238,0.0014
2025-04-01,slis,6,182,0.0011
2025-04-01,slis,65,772,0.0045
2025-04-01,slis,99,47,0.0003
2025-04-01,soc-int,1,709,0.5600
2025-04-01,soc-int,15,20,0.0158
2025-04-01,soc-int,16,13,0.0103
2025-04-01,soc-int,2,46,0.0363
2025-04-01,soc-int,28,397,0.3136
2025-04-01,soc-int,43,1,0.0008
2025-04-01,soc-int,5,1,0.0008
2025-04-01,soc-int,6,12,0.0095
2025-04-01,soc-int,65,67,0.0529
2025-04-01,sohosai,1,140,0.7778
2025-04-01,sohosai,15,2,0.0111
2025-04-01,sohosai,2,7,0.0389
2025-04-01,sohosai,28,20,0.1111
2025-04-01,sohosai,5,1,0.0056
2025-04-01,sohosai,6,10,0.0556
2025-04-01,souki,1,377,0.5464
2025-04-01,souki,15,16,0.0232
2025-04-01,souki,16,3,0.0043
2025-04-01,souki,2,22,0.0319
2025-04-01,souki,255,1,0.0014
2025-04-01,souki,28,176,0.2551
2025-04-01,souki,5,4,0.0058
2025-04-01,souki,6,9,0.0130
2025-04-01,souki,65,82,0.1188
2025-04-01,sports,1,466,0.6853
2025-04-01,sports,15,8,0.0118
2025-04-01,sports,2,11,0.0162
2025-04-01,sports,257,2,0.0029
2025-04-01,sports,28,165,0.2426
2025-04-01,sports,43,4,0.0059
2025-04-01,sports,5,2,0.0029
2025-04-01,sports,6,10,0.0147
2025-04-01,sports,65,12,0.0176
2025-04-01,sse,1,896,0.5206
2025-04-01,sse,12,5,0.0029
2025-04-01,sse,15,26,0.0151
2025-04-01,sse,16,10,0.0058
2025-04-01,sse,2,57,0.0331
2025-04-01,sse,257,6,0.0035
2025-04-01,sse,28,586,0.3405
2025-04-01,sse,33,5,0.0029
2025-04-01,sse,43,2,0.0012
2025-04-01,sse,48,6,0.0035
2025-04-01,sse,5,8,0.0046
2025-04-01,sse,6,5,0.0029
2025-04-01,sse,65,109,0.0633
2025-04-01,stb,1,9107,0.5822
2025-04-01,stb,12,1,0.0001
2025-04-01,stb,15,932,0.0596
2025-04-01,stb,16,273,0.0175
2025-04-01,stb,2,160,0.0102
2025-04-01,stb,255,13,0.0008
2025-04-01,stb,257,8,0.0005
2025-04-01,stb,28,3752,0.2399
2025-04-01,stb,33,1,0.0001
2025-04-01,stb,43,3,0.0002
2025-04-01,stb,5,11,0.0007
2025-04-01,stb,6,13,0.0008
2025-04-01,stb,65,1288,0.0823
2025-04-01,stb,99,81,0.0052
2025-04-01,sugadaira,1,2776,0.4531
2025-04-01,sugadaira,12,1,0.0002
2025-04-01,sugadaira,15,1761,0.2874
2025-04-01,sugadaira,16,154,0.0251
2025-04-01,sugadaira,2,234,0.0382
2025-04-01,sugadaira,257,1,0.0002
2025-04-01,sugadaira,28,1117,0.1823
2025-04-01,sugadaira,43,1,0.0002
2025-04-01,sugadaira,5,7,0.0011
2025-04-01,sugadaira,6,7,0.0011
2025-04-01,sugadaira,65,61,0.0100
2025-04-01,sugadaira,99,7,0.0011
2025-04-01,suiri,1,848,0.4562
2025-04-01,suiri,15,557,0.2996
2025-04-01,suiri,16,10,0.0054
2025-04-01,suiri,2,112,0.0602
2025-04-01,suiri,28,302,0.1625
2025-04-01,suiri,5,15,0.0081
2025-04-01,suiri,6,6,0.0032
2025-04-01,suiri,65,9,0.0048
2025-04-01,sustain,1,3,0.1364
2025-04-01,sustain,2,1,0.0455
2025-04-01,sustain,28,8,0.3636
2025-04-01,sustain,6,10,0.4545
2025-04-01,t-act,1,1328,0.5853
2025-04-01,t-act,12,2,0.0009
2025-04-01,t-act,15,169,0.0745
2025-04-01,t-act,16,39,0.0172
2025-04-01,t-act,2,42,0.0185
2025-04-01,t-act,255,1,0.0004
2025-04-01,t-act,257,2,0.0009
2025-04-01,t-act,28,576,0.2539
2025-04-01,t-act,33,2,0.0009
2025-04-01,t-act,48,2,0.0009
2025-04-01,t-act,5,5,0.0022
2025-04-01,t-act,6,13,0.0057
2025-04-01,t-act,65,88,0.0388
2025-04-01,t-pirc,1,7469,0.5794
2025-04-01,t-pirc,12,4,0.0003
2025-04-01,t-pirc,15,112,0.0087
2025-04-01,t-pirc,16,24,0.0019
2025-04-01,t-pirc,2,184,0.0143
2025-04-01,t-pirc,257,5,0.0004
2025-04-01,t-pirc,28,4870,0.3778
2025-04-01,t-pirc,33,4,0.0003
2025-04-01,t-pirc,43,5,0.0004
2025-04-01,t-pirc,5,19,0.0015
2025-04-01,t-pirc,6,16,0.0012
2025-04-01,t-pirc,65,178,0.0138
2025-04-01,tac,1,3286,0.4983
2025-04-01,tac,12,2,0.0003
2025-04-01,tac,15,1066,0.1617
2025-04-01,tac,16,71,0.0108
2025-04-01,tac,2,146,0.0221
2025-04-01,tac,257,1,0.0002
2025-04-01,tac,28,1798,0.2727
2025-04-01,tac,33,2,0.0003
2025-04-01,tac,43,7,0.0011
2025-04-01,tac,5,13,0.0020
2025-04-01,tac,6,16,0.0024
2025-04-01,tac,65,185,0.0281
2025-04-01,tac,99,1,0.0002
2025-04-01,taiiku,1,29386,0.4560
2025-04-01,taiiku,12,9,0.0001
2025-04-01,taiiku,15,8766,0.1360
2025-04-01,taiiku,16,432,0.0067
2025-04-01,taiiku,2,5638,0.0875
2025-04-01,taiiku,255,29,0.0005
2025-04-01,taiiku,257,8,0.0001
2025-04-01,taiiku,28,17632,0.2736
2025-04-01,taiiku,33,7,0.0001
2025-04-01,taiiku,35,2,0.0000
2025-04-01,taiiku,43,219,0.0034
2025-04-01,taiiku,48,51,0.0008
2025-04-01,taiiku,5,402,0.0062
2025-04-01,taiiku,6,326,0.0051
2025-04-01,taiiku,65,1534,0.0238
2025-04-01,taiiku,99,1,0.0000
2025-04-01,tara,1,5938,0.4778
2025-04-01,tara,12,5,0.0004
2025-04-01,tara,13,1,0.0001
2025-04-01,tara,15,1961,0.1578
2025-04-01,tara,16,212,0.0171
2025-04-01,tara,2,275,0.0221
2025-04-01,tara,257,4,0.0003
2025-04-01,tara,28,3758,0.3024
2025-04-01,tara,33,3,0.0002
2025-04-01,tara,43,17,0.0014
2025-04-01,tara,48,2,0.0002
2025-04-01,tara,5,26,0.0021
2025-04-01,tara,6,22,0.0018
2025-04-01,tara,65,195,0.0157
2025-04-01,tara,99,8,0.0006
2025-04-01,tech,1,1109,0.5329
2025-04-01,tech,12,3,0.0014
2025-04-01,tech,15,45,0.0216
2025-04-01,tech,16,16,0.0077
2025-04-01,tech,2,30,0.0144
2025-04-01,tech,257,2,0.0010
2025-04-01,tech,28,696,0.3345
2025-04-01,tech,33,3,0.0014
2025-04-01,tech,43,1,0.0005
2025-04-01,tech,48,1,0.0005
2025-04-01,tech,5,6,0.0029
2025-04-01,tech,6,5,0.0024
2025-04-01,tech,65,164,0.0788
2025-04-01,tems,1,1086,0.4963
2025-04-01,tems,15,4,0.0018
2025-04-01,tems,16,5,0.0023
2025-04-01,tems,2,20,0.0091
2025-04-01,tems,28,1053,0.4813
2025-04-01,tems,5,5,0.0023
2025-04-01,tems,6,11,0.0050
2025-04-01,tems,65,3,0.0014
2025-04-01,tems,99,1,0.0005
2025-04-01,tessa,1,63,0.4599
2025-04-01,tessa,15,3,0.0219
2025-04-01,tessa,16,2,0.0146
2025-04-01,tessa,2,5,0.0365
2025-04-01,tessa,28,37,0.2701
2025-04-01,tessa,35,4,0.0292
2025-04-01,tessa,5,3,0.0219
2025-04-01,tessa,6,10,0.0730
2025-04-01,tessa,65,9,0.0657
2025-04-01,tessa,99,1,0.0073
2025-04-01,tgsw,1,2575,0.8027
2025-04-01,tgsw,12,2,0.0006
2025-04-01,tgsw,15,4,0.0012
2025-04-01,tgsw,16,3,0.0009
2025-04-01,tgsw,2,35,0.0109
2025-04-01,tgsw,257,2,0.0006
2025-04-01,tgsw,28,542,0.1690
2025-04-01,tgsw,33,2,0.0006
2025-04-01,tgsw,48,2,0.0006
2025-04-01,tgsw,5,5,0.0016
2025-04-01,tgsw,6,11,0.0034
2025-04-01,tgsw,65,25,0.0078
2025-04-01,tias,1,991,0.6469
2025-04-01,tias,15,20,0.0131
2025-04-01,tias,16,2,0.0013
2025-04-01,tias,2,41,0.0268
2025-04-01,tias,28,411,0.2683
2025-04-01,tias,43,1,0.0007
2025-04-01,tias,5,2,0.0013
2025-04-01,tias,6,12,0.0078
2025-04-01,tias,65,52,0.0339
2025-04-01,tomonaga,1,1580,0.6966
2025-04-01,tomonaga,12,3,0.0013
2025-04-01,tomonaga,15,27,0.0119
2025-04-01,tomonaga,16,6,0.0026
2025-04-01,tomonaga,2,38,0.0168
2025-04-01,tomonaga,257,3,0.0013
2025-04-01,tomonaga,28,519,0.2288
2025-04-01,tomonaga,33,3,0.0013
2025-04-01,tomonaga,48,3,0.0013
2025-04-01,tomonaga,5,6,0.0026
2025-04-01,tomonaga,6,14,0.0062
2025-04-01,tomonaga,65,66,0.0291
2025-04-01,trems,1,1178,0.8080
2025-04-01,trems,12,2,0.0014
2025-04-01,trems,15,2,0.0014
2025-04-01,trems,16,2,0.0014
2025-04-01,trems,2,36,0.0247
2025-04-01,trems,257,2,0.0014
2025-04-01,trems,28,192,0.1317
2025-04-01,trems,33,2,0.0014
2025-04-01,trems,48,2,0.0014
2025-04-01,trems,5,2,0.0014
2025-04-01,trems,6,11,0.0075
2025-04-01,trems,65,27,0.0185
2025-04-01,trios,1,30622,0.7078
2025-04-01,trios,12,3,0.0001
2025-04-01,trios,15,24,0.0006
2025-04-01,trios,16,14,0.0003
2025-04-01,trios,2,209,0.0048
2025-04-01,trios,255,3,0.0001
2025-04-01,trios,257,2,0.0000
2025-04-01,trios,28,8599,0.1988
2025-04-01,trios,33,3,0.0001
2025-04-01,trios,43,10,0.0002
2025-04-01,trios,48,2,0.0000
2025-04-01,trios,5,10,0.0002
2025-04-01,trios,6,16,0.0004
2025-04-01,trios,65,3748,0.0866
2025-04-01,tsa,1,18112,0.6423
2025-04-01,tsa,12,1,0.0000
2025-04-01,tsa,15,15,0.0005
2025-04-01,tsa,16,1,0.0000
2025-04-01,tsa,2,87,0.0031
2025-04-01,tsa,255,5,0.0002
2025-04-01,tsa,257,1,0.0000
2025-04-01,tsa,28,6616,0.2346
2025-04-01,tsa,33,1,0.0000
2025-04-01,tsa,35,2,0.0001
2025-04-01,tsa,43,1,0.0000
2025-04-01,tsa,48,1,0.0000
2025-04-01,tsa,5,4,0.0001
2025-04-01,tsa,6,10,0.0004
2025-04-01,tsa,65,3343,0.1185
2025-04-01,ttft,1,87,0.4652
2025-04-01,ttft,15,2,0.0107
2025-04-01,ttft,2,2,0.0107
2025-04-01,ttft,28,96,0.5134
2025-04-01,tulips,1,63952,0.6281
2025-04-01,tulips,12,4,0.0000
2025-04-01,tulips,13,4,0.0000
2025-04-01,tulips,15,5550,0.0545
2025-04-01,tulips,16,908,0.0089
2025-04-01,tulips,2,2806,0.0276
2025-04-01,tulips,255,2,0.0000
2025-04-01,tulips,257,54,0.0005
2025-04-01,tulips,28,23020,0.2261
2025-04-01,tulips,33,5,0.0000
2025-04-01,tulips,39,2,0.0000
2025-04-01,tulips,43,66,0.0006
2025-04-01,tulips,5,531,0.0052
2025-04-01,tulips,6,235,0.0023
2025-04-01,tulips,65,4645,0.0456
2025-04-01,tulips,99,35,0.0003
2025-04-01,twins,1,10107,0.4252
2025-04-01,twins,12,2,0.0001
2025-04-01,twins,13,1,0.0000
2025-04-01,twins,15,19,0.0008
2025-04-01,twins,16,23,0.0010
2025-04-01,twins,2,109,0.0046
2025-04-01,twins,255,5,0.0002
2025-04-01,twins,257,2,0.0001
2025-04-01,twins,28,6815,0.2867
2025-04-01,twins,33,2,0.0001
2025-04-01,twins,43,8,0.0003
2025-04-01,twins,48,2,0.0001
2025-04-01,twins,5,15,0.0006
2025-04-01,twins,6,88,0.0037
2025-04-01,twins,65,6570,0.2764
2025-04-01,u,1,46601,0.4231
2025-04-01,u,13,2,0.0000
2025-04-01,u,15,24678,0.2241
2025-04-01,u,16,7909,0.0718
2025-04-01,u,2,7628,0.0693
2025-04-01,u,255,117,0.0011
2025-04-01,u,28,18451,0.1675
2025-04-01,u,33,1,0.0000
2025-04-01,u,43,10,0.0001
2025-04-01,u,5,1185,0.0108
2025-04-01,u,6,980,0.0089
2025-04-01,u,65,2148,0.0195
2025-04-01,u,99,420,0.0038
2025-04-01,un,1,12439,0.2799
2025-04-01,un,15,6963,0.1567
2025-04-01,un,16,20727,0.4664
2025-04-01,un,2,1339,0.0301
2025-04-01,un,255,2,0.0000
2025-04-01,un,28,1509,0.0340
2025-04-01,un,43,29,0.0007
2025-04-01,un,5,117,0.0026
2025-04-01,un,6,101,0.0023
2025-04-01,un,65,419,0.0094
2025-04-01,un,99,800,0.0180
2025-04-01,ut-jinzai-bank,1,1059,0.5079
2025-04-01,ut-jinzai-bank,12,2,0.0010
2025-04-01,ut-jinzai-bank,15,9,0.0043
2025-04-01,ut-jinzai-bank,16,3,0.0014
2025-04-01,ut-jinzai-bank,2,12,0.0058
2025-04-01,ut-jinzai-bank,255,1,0.0005
2025-04-01,ut-jinzai-bank,257,2,0.0010
2025-04-01,ut-jinzai-bank,28,932,0.4470
2025-04-01,ut-jinzai-bank,33,2,0.0010
2025-04-01,ut-jinzai-bank,43,1,0.0005
2025-04-01,ut-jinzai-bank,48,2,0.0010
2025-04-01,ut-jinzai-bank,5,8,0.0038
2025-04-01,ut-jinzai-bank,6,9,0.0043
2025-04-01,ut-jinzai-bank,65,43,0.0206
2025-04-01,utos,1,18291,0.4620
2025-04-01,utos,12,2,0.0001
2025-04-01,utos,13,4,0.0001
2025-04-01,utos,15,2456,0.0620
2025-04-01,utos,16,5403,0.1365
2025-04-01,utos,2,229,0.0058
2025-04-01,utos,257,2,0.0001
2025-04-01,utos,28,9395,0.2373
2025-04-01,utos,33,2,0.0001
2025-04-01,utos,43,32,0.0008
2025-04-01,utos,48,2,0.0001
2025-04-01,utos,5,15,0.0004
2025-04-01,utos,6,23,0.0006
2025-04-01,utos,65,3656,0.0924
2025-04-01,utos,99,75,0.0019
2025-04-01,utvpn,1,883,0.3364
2025-04-01,utvpn,15,4,0.0015
2025-04-01,utvpn,16,1,0.0004
2025-04-01,utvpn,2,386,0.1470
2025-04-01,utvpn,28,653,0.2488
2025-04-01,utvpn,35,1,0.0004
2025-04-01,utvpn,43,347,0.1322
2025-04-01,utvpn,48,343,0.1307
2025-04-01,utvpn,5,1,0.0004
2025-04-01,utvpn,6,1,0.0004
2025-04-01,utvpn,65,5,0.0019
2025-04-01,vbl,1,863,0.5050
2025-04-01,vbl,15,92,0.0538
2025-04-01,vbl,16,19,0.0111
2025-04-01,vbl,2,180,0.1053
2025-04-01,vbl,255,2,0.0012
2025-04-01,vbl,28,509,0.2978
2025-04-01,vbl,43,2,0.0012
2025-04-01,vbl,5,31,0.0181
2025-04-01,vbl,6,11,0.0064
2025-04-01,wpi-iiis,1,7863,0.6122
2025-04-01,wpi-iiis,12,3,0.0002
2025-04-01,wpi-iiis,15,23,0.0018
2025-04-01,wpi-iiis,16,13,0.0010
2025-04-01,wpi-iiis,2,195,0.0152
2025-04-01,wpi-iiis,255,2,0.0002
2025-04-01,wpi-iiis,257,3,0.0002
2025-04-01,wpi-iiis,28,3986,0.3104
2025-04-01,wpi-iiis,33,3,0.0002
2025-04-01,wpi-iiis,43,35,0.0027
2025-04-01,wpi-iiis,48,3,0.0002
2025-04-01,wpi-iiis,5,13,0.0010
2025-04-01,wpi-iiis,6,13,0.0010
2025-04-01,wpi-iiis,65,688,0.0536
2025-04-01,www,1,27444,0.6272
2025-04-01,www,12,2,0.0000
2025-04-01,www,15,51,0.0012
2025-04-01,www,16,29,0.0007
2025-04-01,www,2,180,0.0041
2025-04-01,www,255,3,0.0001
2025-04-01,www,257,2,0.0000
2025-04-01,www,28,9439,0.2157
2025-04-01,www,33,9,0.0002
2025-04-01,www,5,850,0.0194
2025-04-01,www,6,13,0.0003
2025-04-01,www,65,5729,0.1309
2025-04-01,www,99,2,0.0000
2025-04-01,anpi,1,80,0.3828
2025-04-01,anpi,15,4,0.0191
2025-04-01,anpi,16,3,0.0144
2025-04-01,anpi,2,5,0.0239
2025-04-01,anpi,28,71,0.3397
2025-04-01,anpi,5,2,0.0096
2025-04-01,anpi,6,11,0.0526
2025-04-01,anpi,65,33,0.1579
2025-04-01,hq,1,3,0.0652
2025-04-01,hq,15,34,0.7391
2025-04-01,hq,6,9,0.1957
2025-04-01,law,1,36,0.5217
2025-04-01,law,15,1,0.0145
2025-04-01,law,16,1,0.0145
2025-04-01,law,2,12,0.1739
2025-04-01,law,28,5,0.0725
2025-04-01,law,43,2,0.0290
2025-04-01,law,5,2,0.0290
2025-04-01,law,6,10,0.1449
2025-04-01,mcast,6,9,1.0000
2025-04-01,srn,6,9,1.0000
2025-04-01,tc,1,204,0.4904
2025-04-01,tc,15,14,0.0337
2025-04-01,tc,16,11,0.0264
2025-04-01,tc,2,88,0.2115
2025-04-01,tc,257,1,0.0024
2025-04-01,tc,28,68,0.1635
2025-04-01,tc,5,14,0.0337
2025-04-01,tc,6,16,0.0385
2025-04-01,eprofs,6,9,1.0000
2025-04-01,robotics,1,5,0.6250
2025-04-01,robotics,28,3,0.3750
2025-04-01,t-anzen,6,9,1.0000
2025-04-01,241,1,44,0.8980
2025-04-01,241,2,3,0.0612
2025-04-01,241,28,2,0.0408
2025-04-01,244,1,13,0.4483
2025-04-01,244,15,1,0.0345
2025-04-01,244,16,1,0.0345
2025-04-01,244,2,5,0.1724
2025-04-01,244,28,6,0.2069
2025-04-01,244,5,1,0.0345
2025-04-01,244,6,2,0.0690
2025-04-01,ticonfms,1,4,0.2105
2025-04-01,ticonfms,15,1,0.0526
2025-04-01,ticonfms,2,4,0.2105
2025-04-01,ticonfms,28,9,0.4737
2025-04-01,ticonfms,5,1,0.0526
2025-04-01,air,43,1,1.0000
